sentence	voicevox_says	kuromoji_expects
「3時ごろまでに、1時間ぐらい話そう。」	さんじごろまでにいちじかんぐらいわなそお	じごろまでにじかんぐらいわなそお
「8時から始めて、ピアノとギターやテニスなどを話したい」	わちじからわじめてぴあのとぎたあやてにすなどおわなしたい	じからわじめてぴあのとぎたやてにすなどおわなしたい
「あのう、明日のミーティング、何時からですか?」と聞きました。	あのおあしたのみいてぃんぐなんじからですかとききました	あのおあしたのみてぃんぐなんじからですかとききました
「いつから痛いですか」「アレルギーはありますか」など、聞かれることは大体決まっている。	いつからいたいですかあれるぎいわありますかなどきかれることわだいたいきまってえる	いつからいたいですかあれるぎわありますかなどきかれることわだいたいきまってえる
「いつとどきますか」ときくと、「一週間ぐらいです」とおしえてくれました。	いつとどきますかときくといっしゅうかんぐらいですとおしえてくれました	いつとどきますかときくといちしゅうかんぐらいですとおしえてくれました
「ごちそうさまでした」と言ってから、「行ってきます」。お母さんは「行ってらっしゃい」と笑いました。	ごちそおさまでしたといってからいってきますおかあさんわいってらっしゃいとわらいました	ごちそおさまでしたといってからおこなってきますおかあさんわおこなってらっしゃいとわらいました
「それでスケジュール変更?だからメールも届いていない?けれども、私は知らされていません」	それですけじゅうるえんこおだからめえるもとどいてえないけれどもわたしわしらされてえません	それですけじゅるえんこおだからめるもとどいてえないけれどもわたしわしらされてえません
「でも、今ちょっと風邪気味で…」「お大事に」と返しました。	でもいまちょっとかぜぎみでおだいじにとかえしました	でもいまちょっとかぜぎみで…おだいじにとかえしました
「見られる」には受身・尊敬・可能という複数の意味があるが、「見れる」なら可能の意味だと一目で分かるからだ。	みられるにわうけみそんけえかのおというふくすうのいみがあるがみれるならかのおのいみだとひとめでわかるからだ	みられるにわうけみそんけえかのおというふくすうのいみがあるがみれるならかのおのいみだといちもくでわかるからだ
「東京ラブストーリー」というドラマ。	とおきょおらぶすとおりいというどらま	とおきょおらぶすとりというどらま
「必ず、絶対忘れないで」と言われました。特に大切なメモは、普通のノートに書きません。	かならずぜったいわすれないでといわれましたとくにたいせつなめもわふつうののおとにかきません	かならずぜったいわすれないでといわれましたとくにたいせつなめもわふつうののとにかきません
「明日世界を征服する」などと、彼はいつも酔うと戯言ばかり並べる。	あしたせかいおせえふくするなどとかれわいつもよおとざれごとばかりならべる	あしたせかいおせえふくするなどとかれわいつもよおとたわごとばかりならべる
『お客様の細かいことまで気にして構う、これがいいサービス』と店長は言います。	おきゃくさまのこまかいことまできにしてかまうこれがいさあびすとてんちょおわいます	おきゃくさまのこまかいことまできにしてかまうこれがいさびすとてんちょおわいます
『それでは、それなら明日も外出しません。それとも、屋内のスポーツでも?』。	それでわそれならあしたもがいしゅつしませんそれともおくないのすぽおつでも	それでわそれならあしたもがいしゅつしませんそれともおくないのすぽつでも
『ところが、ジムも休館。ところで、最近何してる?しかし、退屈は嫌い』。	ところがじむもきゅうかんところでさいきんなんしてるしかしたいくつわきらい	ところがじむもきゅうかんところでさいきんなにしてるしかしたいくつわきらい
『健康第一』 — これが最近の私のモットーです。時々、感動して涙が出ます(笑)。	けんこおだいちこれがさいきんのわたしのもっとおですときどきかんどおしてなみだがでますわらい	けんこおだいちこれがさいきんのわたしのもっとですときどきかんどおしてなみだがでますえみ
～あいだに	あいだに	～あいだに
～うちに	うちに	～うちに
～おかげで	おかげで	～おかげで
～がち	がち	～がち
～から	から	～から
～からには	からにわ	～からにわ
～かわりに	かわりに	～かわりに
～ぎみ	ぎみ	～ぎみ
～くせに	くせに	～くせに
～ことがある	ことがある	～ことがある
～ことだ	ことだ	～ことだ
～ことにする	ことにする	～ことにする
～ことになる	ことになる	～ことになる
～ことは～が	ことわが	～ことわ～が
～さえ	さえ	～さえ
～ざるを得ない	ざるおえない	～ざるおえない
～しか	しか	～しか
～すら	すら	～すら
～せいで	せえで	～せえで
～だけ	だけ	～だけ
～ために	ために	～ために
～たら	たら	～たら
～っぽい	っぽい	～っぽい
～てある	てある	～てある
～ていく	てえく	～てえく
～ている	てえる	～てえる
～ておく	ておく	～ておく
～てくる	てくる	～てくる
～てしまう	てしまう	～てしまう
～てほしい	てほしい	～てほしい
～てみる	てみる	～てみる
～と	と	～と
～というより	というより	～というより
～どころか	どころか	～どころか
～としたら	としたら	～としたら
～とすると	とすると	～とすると
～とすれば	とすれば	～とすれば
～ないわけにはいかない	ないわけにわいかない	～ないわけにわいかない
～なくなる	なくなる	～なくなる
～なら	なら	～なら
～にあたり	にあたり	～にあたり
～にかかわらず	にかかわらず	～にかかわらず
～について	について	～について
～にとって	にとって	～にとって
～には～が	にわが	～にわ～が
～にもかかわらず	にもかかわらず	～にもかかわらず
～によって	によって	～によって
～に違いない	にちがいない	～にちがいない
～に応じて	におじて	～におじて
～に関して	にかんして	～にかんして
～に基づいて	にもとずいて	～にもとずいて
～に決まっている	にきまってえる	～にきまってえる
～に相違ない	にそおいない	～にそおいない
～に対して	にたいして	～にたいして
～に当たって	にあたって	～にあたって
～ので	ので	～ので
～のに	のに	～のに
～のみ	のみ	～のみ
～のみならず	のみならず	～のみならず
～ば	ば	～ば
～ばかり	ばかり	～ばかり
～ばかりか	ばかりか	～ばかりか
～はずだ	わずだ	～わずだ
～べきだ	べきだ	～べきだ
～まで	まで	～まで
～まに	まに	～まに
～みたいだ	みたいだ	～みたいだ
～ものだ	ものだ	～ものだ
～ようだ	よおだ	～よおだ
～ように	よおに	～よおに
～ようにする	よおにする	～よおにする
～ようになる	よおになる	～よおになる
～らしい	らしい	～らしい
～わけだ	わけだ	～わけだ
～わけにはいかない	わけにわいかない	～わけにわいかない
～をもとに	おもとに	～おもとに
～を通じて	おつうじて	～おつうじて
～を問わず	おとわず	～おとわず
～以上	いじょお	～いじょお
～一方で	いっぽおで	～いっぽおで
～気味	ぎみ	～ぎみ
～向き	むき	～むき
～向け	むけ	～むけ
～際に	さいに	～ぎわに
～次第	しだい	～しだい
～上で	じょおで	～じょおで
～上に	じょおに	～じょおに
～上は	じょおわ	～じょおわ
～反面	わんめん	～わんめん
100キロからある荷物を、彼は一人で運び切った。	ひゃっきろからあるにもつおかれわひとりでわこびきった	きろからあるにもつおかれわいちにんでわこびきった
10月になると、涼しくなります。	じゅうがつになるとすずしくなります	つきになるとすずしくなります
10時から18時まで営業します。	じゅうじからじゅうわちじまでえぎょおします	じからじまでえぎょおします
10年ぶりに高校のクラスメイトと再会した。	じゅうねんぶりにこおこおのくらすめえととさいかいした	ねんぶりにこおこおのくらすめえととさいかいした
10年修行しただけのことはある。料理の腕が抜群だ。	じゅうねんしゅぎょおしただけのことわあるりょおりのおでがばつぐんだ	ねんしゅぎょおしただけのことわあるりょおりのおでがばつぐんだ
10分しか残っていません。	じゅっぷんしかのこってえません	ふんしかのこってえません
1か月に2回映画館へ行きます。	いっかげつににかいえがかんえきます	かげつにかいえがかんえきます
1時間くらいかかります。	いちじかんくらいかかります	じかんくらいかかります
20年にわたって、同じ分野の研究を続けてきた。	にじゅうねんにわたっておなじぶんやのけんきゅうおつずけてきた	ねんにわたっておなじぶんやのけんきゅうおつずけてきた
30万人が参加しただけのことはある、見応えのあるマラソン大会だった。	さんじゅうまんにんがさんかしただけのことわあるみごたえのあるまらそんたいかいだった	まんにんがさんかしただけのことわあるみごたえのあるまらそんたいかいだった
3月から4月にかけて、全国で桜が咲く。	さんがつからしがつにかけてぜんこくでさくらがさく	つきからつきにかけてぜんこくでさくらがさく
3日間にわたって国際会議が行われた。	みっかかんにわたってこくさいかいぎがおこなわれた	にちかんにわたってこくさいかいぎがおこなわれた
3年も住んでいれば、詳しいわけだ。	さんねんもすんでえればくわしいわけだ	ねんもすんでえればくわしいわけだ
42 キロを走りきった時、自然と涙が出た。	よんじゅうにきろおわしりきったときしぜんとなみだがでた	きろおわしりきったときしぜんとなみだがでた
50歳にして初めて海外に渡航した。	ごじゅっさいにしてわじめてかいがいにとこおした	さいにしてわじめてかいがいにとこおした
5キロ走り続けました。	ごきろわしりつずけました	きろわしりつずけました
5年ぶりに母校を訪れた。	ごねんぶりにぼこおとずれた	ねんぶりにぼこおとずれた
5分の遅刻ならまだしも、1時間遅れるのはありえない。	ごふんのちこくならまだしもいちじかんおくれるのわありえない	ぶんのちこくならまだしもじかんおくれるのわありえない
A：あした えいがを みに いきませんか。。B：いいですね。なんじに あいますか。。A：ろくじに えきで あいましょう。	えあしたえがおみにいきませんかびいですねなんじにあいますかえろくじにえきであいましょお	A：あしたえがおみにいきませんかB：いですねなんじにあいますかA：ろくじにえきであいましょお
A：いっしょに カフェに いきませんか。。B：すみません、いま いそがしいです。あした なら いいですよ。	えいっしょにかふぇにいきませんかびいすみませんいまいそがしいですあしたならいですよ	A：いっしょにかふぇにいきませんかB：すみませんいまいそがしいですあしたならいですよ
A：いま なんじですか。。B：くじはんです。	えいまなんじですかびいくじわんです	A：いまなんじですかB：くじわんです
A：いらっしゃいませ。。B：アイスコーヒーをひとつください。サイズはMで。。A：はい、四百円になります。	えいらっしゃいませびいあいすこおひいおひとつくださいさいずわえむでえわいよんひゃくえんになります	A：いらっしゃいませB：あいすこひおひとつくださいさいずわMでA：わいよんひゃくえんになります
A：きょうは なんにちですか。。B：にがつ じゅうごにちです。	えきょおわなんにちですかびいにがつじゅうごにちです	A：きょおわなんにちですかB：にがつじゅうごにちです
A：このシャツはいくらですか。。B：三千五百円です。今セール中で、二着買うと二割引になります。。A：じゃあ二着お願いします。	えこのしゃつわいくらですかびいさんぜんごひゃくえんですこんせえるちゅうでにちゃくかうとにわりびきになりますえじゃあにちゃくおねがいします	A：このしゃつわいくらですかB：さんせんごひゃくえんですこんせるちゅうでにちゃくかうとにわりびきになりますA：じゃあにちゃくおねがいします
A：このプロジェクト、当初の見込みより大幅にコストが超過していますね。。B：はい。原材料の高騰と、仕様変更の度重なる発生が主な原因です。。A：今後の対策として、仕様変更のプロセスを厳格化する必要がありますね。承認フローを見直しましょう。。B：それに加えて、調達先の多様化も検討したいのですが。。A：いいですね。次回の定例会議でまとめて提案しましょう。	えこのぷろじぇくととおしょのみこみよりおわばにこすとがちょおかしてえますねびいわいげんざいりょおのこおとおとしよおえんこおのたびかさなるわっせえがおもなげんいんですえこんごのたいさくとしてしよおえんこおのぷろせすおげんかくかするひつよおがありますねしょおにんふろおみなおしましょおびいそれにくわえてちょおたつさきのたよおかもけんとおしたいのですがえいですねじかいのてえれえかいぎでまとめててえあんしましょお	A：このぷろじぇくととおしょのみこみよりおわばにこすとがちょおかしてえますねB：わいげんざいりょおのこおとおとしよおえんこおのたびかさなるわっせえがおもなげんいんですA：こんごのたいさくとしてしよおえんこおのぷろせすおげんかくかするひつよおがありますねしょおにんふろおみなおしましょおB：それにくわえてちょおたつさきのたよおかもけんとおしたいのですがA：いですねじかいのてえれえかいぎでまとめててえあんしましょお
A：このりんごは いくらですか。。B：ひとつ ひゃくえんです。。A：じゃ、みっつ ください。	えこのりんごわいくらですかびいひとつひゃくえんですえじゃみっつください	A：このりんごわいくらですかB：ひとつひゃくえんですA：じゃみっつください
A：システム障害の件、お客様からのクレームが増えています。。B：技術部からの報告では、明日の午前中には復旧する見込みです。。A：それまでの間、お客様への説明はどうしましょう。。B：公式サイトに詳細を掲載し、個別にも対応しましょう。	えしすてむしょおがいのけんおきゃくさまからのくれえむがふえてえますびいぎじゅつぶからのほおこくでわあしたのごぜんちゅうにわふっきゅうするみこみですえそれまでのあいだおきゃくさまえのせつめえわどおしましょおびいこおしきさいとにしょおさいおけえさいしこべつにもたいおしましょお	A：しすてむしょおがいのけんおきゃくさまからのくれむがふえてえますB：ぎじゅつぶからのほおこくでわあしたのごぜんちゅうにわふっきゅうするみこみですA：それまでのまおきゃくさまえのせつめえわどおしましょおB：こおしきさいとにしょおさいおけえさいしこべつにもたいおしましょお
A：すきな たべものは なんですか。。B：すしが すきです。。A：わたしも すしが すきです。	えすきなたべものわなんですかびいすしがすきですえわたしもすしがすきです	A：すきなたべものわなんですかB：すしがすきですA：わたしもすしがすきです
A：すみません、このシャツ、色違いはありますか。。B：こちらのシャツは白と黒と青がございます。。A：青はMサイズはありますか。。B：申し訳ありません、青のMサイズは売り切れてしまいまして。白と黒ならMサイズがございます。。A：じゃ、白のMをください。	えすみませんこのしゃついろちがいわありますかびいこちらのしゃつわしろとくろとあおがございますえあおわえむさいずわありますかびいもおしわけありませんあおのえむさいずわうりきれてしまいましてしろとくろならえむさいずがございますえじゃしろのえむおください	A：すみませんこのしゃついろちがいわありますかB：こちらのしゃつわしろとくろとあおがございますA：あおわMさいずわありますかB：もおしわけありませんあおのMさいずわうりきれてしまいましてしろとくろならMさいずがございますA：じゃしろのMおください
A：すみません、このみせは なんじまでですか。。B：ごご はちじまでです。	えすみませんこのみせわなんじまでですかびいごごわちじまでです	A：すみませんこのみせわなんじまでですかB：ごごわちじまでです
A：すみません、たこ焼きを二つと、お好み焼きを一つください。。B：はい。たこ焼きは一つ五百円で、お好み焼きは八百円です。。A：じゃ、全部でいくらですか。。B：千八百円です。	えすみませんたこやきおふたつとおこのみやきおひとつくださいびいわいたこやきわひとつごひゃくえんでおこのみやきわわっぴゃくえんですえじゃぜんぶでえくらですかびいせんわっぴゃくえんです	A：すみませんたこやきおふたつとおこのみやきおひとつくださいB：わいたこやきわひとつごひゃくえんでおこのみやきわわちひゃくえんですA：じゃぜんぶでえくらですかB：せんわちひゃくえんです
A：すみません、トイレはどこですか。。B：あちらです。まっすぐいって、みぎです。	えすみませんといれわどこですかびいあちらですまっすぐいってみぎです	A：すみませんといれわどこですかB：あちらですまっすぐいってみぎです
A：すみません、ペンを貸してくれませんか。。B：はい、どうぞ。。A：ありがとうございます。後で返します。	えすみませんぺんおかしてくれませんかびいわいどおぞえありがとおございますあとでかえします	A：すみませんぺんおかしてくれませんかB：わいどおぞA：ありがとおございますあとでかえします
A：すみません、大阪城への行き方を教えていただけませんか。。B：ここからまっすぐ行って、二つ目の信号を右に曲がってください。そのまま五分ほど歩くと、左手に見えてきますよ。。A：ありがとうございます。歩いてどのくらいかかりますか。。B：十五分ぐらいですね。	えすみませんおさかじょおえのいきかたおしえてえただけませんかびいここからまっすぐいってふたつめのしんごおみぎにまがってくださいそのままごふんほどあるくとひだりてにみえてきますよえありがとおございますあるいてどのくらいかかりますかびいじゅうごふんぐらいですね	A：すみませんおさかじょおえのいきかたおしえてえただけませんかB：ここからまっすぐいってふたつめのしんごおみぎにまがってくださいそのままごふんほどあるくとひだりてにみえてきますよA：ありがとおございますあるいてどのくらいかかりますかB：じゅうごふんぐらいですね
A：すみません、大阪城への行き方を教えていただけませんか。。B：ここからまっすぐ行って、二つ目の信号を右に曲がってください。五分ぐらいで着きますよ。	えすみませんおさかじょおえのいきかたおしえてえただけませんかびいここからまっすぐいってふたつめのしんごおみぎにまがってくださいごふんぐらいでつきますよ	A：すみませんおさかじょおえのいきかたおしえてえただけませんかB：ここからまっすぐいってふたつめのしんごおみぎにまがってくださいごふんぐらいでつきますよ
A：すみません、郵便局はどこですか。。B：あの白いビルの隣です。。A：ありがとうございます。	えすみませんゆうびんきょくわどこですかびいあのしろいびるのとなりですえありがとおございます	A：すみませんゆうびんきょくわどこですかB：あのしろいびるのとなりですA：ありがとおございます
A：たなかさんは どこですか。。B：いま、トイレに いきました。	えたなかさんわどこですかびいまといれにいきました	A：たなかさんわどこですかB：いまといれにいきました
A：なにを のみますか。。B：コーヒーを ください。	えなにおのみますかびいこおひいおください	A：なにおのみますかB：こひおください
A：なんじに おきますか。。B：まいにち ろくじに おきます。	えなんじにおきますかびいまいにちろくじにおきます	A：なんじにおきますかB：まいにちろくじにおきます
A：もしもし、すずきです。やまださん いますか。。B：すみません、いま でかけて います。	えもしもしすずきですやまださんいますかびいすみませんいまでかけてえます	A：もしもしすずきですやまださんいますかB：すみませんいまでかけてえます
A：夏休みはどこに行きますか。。B：両親と韓国に行く予定です。。A：いいですね。何日間ですか。。B：五日間です。	えなつやすみわどこにいきますかびいりょおしんとかんこくにいくよてえですえいですねなんにちかんですかびいつかかんです	A：なつやすみわどこにいきますかB：りょおしんとかんこくにいくよてえですA：いですねなんにちかんですかB：ごにちかんです
A：海外市場への本格的な参入を検討していますが、まずはどの地域から始めるべきでしょうか。。B：成長率と参入障壁のバランスを考慮すると、東南アジアが妥当でしょう。特にベトナムは若年層が多く、購買力も着実に上がっています。。A：競合の状況はどうですか。。B：日系企業はまだ少数ですが、中国や韓国の企業が積極的に進出しています。スピード感を持って動く必要があります。	えかいがいしじょおえのほんかくてきなさんにゅうおけんとおしてえますがまずわどのちいきからわじめるべきでしょおかびいせえちょおりつとさんにゅうしょおえきのばらんすおこおりょするととおなんあじあがだとおでしょおとくにべとなむわじゃくねんそおがおくこおばいりょくもちゃくじつにあがってえますえきょおごおのじょおきょおわどおですかびいにっけえきぎょおわまだしょおすうですがちゅうごくやかんこくのきぎょおがせっきょくてきにしんしゅつしてえますすぴいどかんおもってうごくひつよおがあります	A：かいがいしじょおえのほんかくてきなさんにゅうおけんとおしてえますがまずわどのちいきからわじめるべきでしょおかB：せえちょおりつとさんにゅうしょおえきのばらんすおこおりょするととおなんあじあがだとおでしょおとくにべとなむわじゃくねんそおがおくこおばいりょくもちゃくじつにあがってえますA：きょおごおのじょおきょおわどおですかB：にっけえきぎょおわまだしょおすうですがちゅうごくやかんこくのきぎょおがせっきょくてきにしんしゅつしてえますすぴどかんおもってうごくひつよおがあります
A：今回の情報漏洩の件、初動対応の遅れが致命的だった。原因究明と再発防止策の徹底が急務だ。。B：おっしゃる通りです。第三者委員会を立ち上げて、徹底的に調査することが信頼回復への第一歩かと。。A：それに加えて、影響を受けたお客様への補償と説明責任を果たさなければならない。広報部とも連携して、対応を急ぐように。。B：承知しました。一週間以内に基本方針を取りまとめてご報告します。	えこんかいのじょおほおろおえのけんしょどおたいおのおくれがちめえてきだったげんいんきゅうめえとさいわつぼおしさくのてってえがきゅうむだびいおっしゃるとおりですだいさんしゃいんかいおたちあげててってえてきにちょおさすることがしんらいかいふくえのだいっぽかとえそれにくわえてえきょおけたおきゃくさまえのほしょおとせつめえせきにんおわたさなければならないこおほおぶともれんけえしてたいおいそぐよおにびいしょおちしましたいっしゅうかんいないにきほんほおしんおとりまとめてごほおこくします	A：こんかいのじょおほおろおせつのけんしょどおたいおのおくれがちめえてきだったげんいんきゅうめえとさいわつぼおしさくのてってえがきゅうむだB：おっしゃるとおりですだいさんしゃいんかいおたちあげててってえてきにちょおさすることがしんらいかいふくえのだいっぽかとA：それにくわえてえきょおけたおきゃくさまえのほしょおとせつめえせきにんおわたさなければならないこおほおぶともれんけえしてたいおいそぐよおにB：しょおちしましたいちしゅうかんいないにきほんほおしんおとりまとめてごほおこくします
A：今回の人事異動の件ですが、大阪支社の営業部長に田中さんを推薦したいと考えています。。B：田中さんですか。確かに実績は申し分ないですが、マネジメント経験が浅いのが気になりますね。。A：その点は承知していますが、彼のリーダーシップと行動力は高く評価されていますし、副部長がベテランですから、サポート体制は整っています。。B：分かりました。役員会に上げて検討しましょう。	えこんかいのじんじいどおのけんですがおさかししゃのえぎょおぶちょおにたなかさんおすいせんしたいとかんがえてえますびいたなかさんですかたしかにじっせきわもおしぶんないですがまねじめんとけえけんがあさいのがきになりますねえそのてんわしょおちしてえますがかれのりいだあしっぷとこおどおりょくわたかくひょおかされてえますしふくぶちょおがべてらんですからさぽおとたいせえわととのってえますびいわかりましたやくいんかいにあげてけんとおしましょお	A：こんかいのじんじいどおのけんですがおさかししゃのえぎょおぶちょおにたなかさんおすいせんしたいとかんがえてえますB：たなかさんですかたしかにじっせきわもおしぶんないですがまねじめんとけえけんがあさいのがきになりますねA：そのてんわしょおちしてえますがかれのりだしっぷとこおどおりょくわたかくひょおかされてえますしふくぶちょおがべてらんですからさぽとたいせえわととのってえますB：わかりましたやくいんかいにあげてけんとおしましょお
A：今回の通商交渉、相手国の出方が読みにくいですね。。B：政治的な背景を考えると、強硬姿勢を取らざるを得ない事情もあるかと。。A：ただ、長引けば双方に経済的損失が出ます。譲歩点を探る必要があります。。B：水面下での協議を並行して進めるべきでしょう。	えこんかいのつうしょおこおしょおあいてこくのでかたがよみにくいですねびいせえじてきなわいけえおかんがえるときょおこおしせえおとらざるおえないじじょおもあるかとえただながびけばそおほおにけえざいてきそんしつがでますじょおほてんおさぐるひつよおがありますびいすいめんかでのきょおぎおえこおしてすすめるべきでしょお	A：こんかいのつうしょおこおしょおあいてこくのでかたがよみにくいですねB：せえじてきなわいけえおかんがえるときょおこおしせえおとらざるおえないじじょおもあるかとA：ただながびけばそおほおにけえざいてきそんしつがでますじょおほてんおさぐるひつよおがありますB：すいめんかでのきょおぎおえこおしてすすめるべきでしょお
A：今回の買収案件について、慎重に検討する必要があります。財務状況は表面的には良好ですが、内部留保の使い道に疑問が残ります。。B：おっしゃる通りです。デューデリジェンスをもう一段階深く行う必要があるかと。。A：時間的制約もありますが、リスク評価を優先しましょう。。B：承知しました。専門家チームを編成して進めます。	えこんかいのばいしゅうあんけんについてしんちょおにけんとおするひつよおがありますざいむじょおきょおわひょおめんてきにわりょおこおですがないぶりゅうほのつかいみちにぎもんがのこりますびいおっしゃるとおりですでゅうでりじぇんすおもおいちだんかいふかくおこなうひつよおがあるかとえじかんてきせえやくもありますがりすくひょおかおゆうせんしましょおびいしょおちしましたせんもんかちいむおえんせえしてすすめます	A：こんかいのばいしゅうあんけんについてしんちょおにけんとおするひつよおがありますざいむじょおきょおわひょおめんてきにわりょおこおですがないぶりゅうほのつかいみちにぎもんがのこりますB：おっしゃるとおりですでゅでりじぇんすおもおいちだんかいふかくおこなうひつよおがあるかとA：じかんてきせえやくもありますがりすくひょおかおゆうせんしましょおB：しょおちしましたせんもんかちむおえんせえしてすすめます
A：今期の業績についてですが、第三四半期はようやく黒字に転じましたが、通期では依然として厳しい状況です。。B：構造改革の効果が出始めているとは言えますね。ただ、為替の影響を除いた実質的な収益力は、まだ十分とは言えない。。A：第四四半期に向けて、コスト削減と新規事業の立ち上げを並行して進める必要があります。。B：取締役会で具体的な戦略を諮りましょう。	えこんきのぎょおせきについてですがだいさんしわんきわよおやくくろじにてんじましたがつうきでわいぜんとしてきびしいじょおきょおですびいこおぞおかいかくのこおかがでわじめてえるとわいえますねただかわせのえきょおのぞいたじっしつてきなしゅうえきりょくわまだじゅうぶんとわいえないえだいよんしわんきにむけてこすとさくげんとしんきじぎょおのたちあげおえこおしてすすめるひつよおがありますびいとりしまりやくかいでぐたいてきなせんりゃくおわかりましょお	A：こんきのぎょおせきについてですがだいさんしわんきわよおやくくろじにてんじましたがつうきでわいぜんとしてきびしいじょおきょおですB：こおぞおかいかくのこおかがでわじめてえるとわいえますねただかわせのえきょおのぞいたじっしつてきなしゅうえきりょくわまだじゅうぶんとわいえないA：だいよんしわんきにむけてこすとさくげんとしんきじぎょおのたちあげおえこおしてすすめるひつよおがありますB：とりしまりやくかいでぐたいてきなせんりゃくおわかりましょお
A：今度、新しいプロジェクトのメンバーになってもらえませんか。。B：光栄です。具体的にはどんな仕事ですか。。A：マーケティングの企画を一緒に作ってもらいたいんです。。B：分かりました。喜んで参加します。	えこんどあたらしいぷろじぇくとのめんばあになってもらえませんかびいこおえですぐたいてきにわどんなしごとですかえまあけてぃんぐのきかくおいっしょにつくってもらいたいんですびいわかりましたよろこんでさんかします	A：こんどあたらしいぷろじぇくとのめんばになってもらえませんかB：こおえですぐたいてきにわどんなしごとですかA：まけてぃんぐのきかくおいっしょにつくってもらいたいんですB：わかりましたよろこんでさんかします
A：今度の社員旅行、どこがいいと思いますか。。B：沖縄はどうですか。去年は北海道だったから、今年は暖かいところがいいかなと。。A：沖縄か。予算的に厳しくないですか。。B：格安航空を使えば、かなり抑えられると思いますよ。。A：なるほど。じゃ、見積もりを出してもらえますか。	えこんどのしゃいんりょこおどこがいとおもいますかびいおきなわわどおですかきょねんわほっかいどおだったからことしわあたたかいところがいかなとえおきなわかよさんてきにきびしくないですかびいかくやすこおくうおつかえばかなりおさえられるとおもいますよえなるほどじゃみつもりおだしてもらえますか	A：こんどのしゃいんりょこおどこがいとおもいますかB：おきなわわどおですかきょねんわほっかいどおだったからことしわあたたかいところがいかなとA：おきなわかよさんてきにきびしくないですかB：かくやすこおくうおつかえばかなりおさえられるとおもいますよA：なるほどじゃみつもりおだしてもらえますか
A：今度の人事で部長に昇進されると聞きました。おめでとうございます。。B：ありがとうございます。責任が増えますが、頑張ります。。A：何かお手伝いできることがあれば、おっしゃってください。。B：心強いお言葉、ありがとうございます。	えこんどのじんじでぶちょおにしょおしんされるとききましたおめでとおございますびいありがとおございますせきにんがふえますががんばりますえなにかおてつだいできることがあればおっしゃってくださいびいこころずよいおことばありがとおございます	A：こんどのじんじでぶちょおにしょおしんされるとききましたおめでとおございますB：ありがとおございますせきにんがふえますががんばりますA：なにかおてつだいできることがあればおっしゃってくださいB：こころずよいおことばありがとおございます
A：今日は何時に帰りますか。。B：会議が長引きそうなので、八時ぐらいになりそうです。。A：それは大変ですね。お疲れさまです。	えきょおわなんじにかえりますかびいかいぎがながびきそおなのでわちじぐらいになりそおですえそれわたいえんですねおつかれさまです	A：きょおわなんじにかえりますかB：かいぎがながびきそおなのでわちじぐらいになりそおですA：それわたいえんですねおつかれさまです
A：仕事の調子はどうですか。。B：忙しいですが、楽しいです。新しいプロジェクトを担当することになりました。。A：それは大変ですね。頑張ってください。	えしごとのちょおしわどおですかびいそがしいですがたのしいですあたらしいぷろじぇくとおたんとおすることになりましたえそれわたいえんですねがんばってください	A：しごとのちょおしわどおですかB：いそがしいですがたのしいですあたらしいぷろじぇくとおたんとおすることになりましたA：それわたいえんですねがんばってください
A：新しいプロジェクトの進行状況はどうなっていますか。遅れが出ているようですが。。B：申し訳ありません。システムの不具合が原因で、予定より3日ほど遅れております。。A：そうですか。今週末までに挽回できそうですか。。B：はい、チーム全員で残業して対応する予定です。	えあたらしいぷろじぇくとのしんこおじょおきょおわどおなってえますかおくれがでてえるよおですがびいもおしわけありませんしすてむのふぐあいがげんいんでよてえよりみっかほどおくれておりますえそおですかこんしゅうまつまでにばんかいできそおですかびいわいちいむぜんいんでざんぎょおしてたいおするよてえです	A：あたらしいぷろじぇくとのしんこおじょおきょおわどおなってえますかおくれがでてえるよおですがB：もおしわけありませんしすてむのふぐあいがげんいんでよてえよりにちほどおくれておりますA：そおですかこんしゅうまつまでにばんかいできそおですかB：わいちむぜんいんでざんぎょおしてたいおするよてえです
A：新人の田中さん、なかなか優秀ですね。。B：そうですね。質問が的確で、覚えるのも早いです。。A：将来が楽しみですね。次のプロジェクトでも活躍してもらいましょう。	えしんじんのたなかさんなかなかゆうしゅうですねびいそおですねしつもんがてきかくでおぼえるのもわやいですえしょおらいがたのしみですねつぎのぷろじぇくとでもかつやくしてもらいましょお	A：しんじんのたなかさんなかなかゆうしゅうですねB：そおですねしつもんがてきかくでおぼえるのもわやいですA：しょおらいがたのしみですねつぎのぷろじぇくとでもかつやくしてもらいましょお
A：申し訳ありませんが、明日の会議を一時間遅らせていただけませんか。。B：構いませんが、理由を教えてください。。A：実は、午前中にお客様の対応が入ってしまいまして。。B：分かりました。じゃあ午後三時からにしましょう。	えもおしわけありませんがあしたのかいぎおいちじかんおくらせてえただけませんかびいかまいませんがりゆうおしえてくださいえじつわごぜんちゅうにおきゃくさまのたいおがわいってしまいましてびいわかりましたじゃあごごさんじからにしましょお	A：もおしわけありませんがあしたのかいぎおいちじかんおくらせてえただけませんかB：かまいませんがりゆうおしえてくださいA：じつわごぜんちゅうにおきゃくさまのたいおがわいってしまいましてB：わかりましたじゃあごごさんじからにしましょお
A：先週の会議で決まった新システムの導入なんですが、現場からの反発が大きくて。。B：そうですよね。今までのやり方を急に変えるのは、抵抗があって当然です。。A：時間をかけて、メリットを丁寧に説明していくしかありませんね。。B：研修の機会も増やして、不安を取り除く努力が必要だと思います。	えせんしゅうのかいぎできまったしんしすてむのどおにゅうなんですがげんばからのわんぱつがおきくてびいそおですよねえままでのやりかたおきゅうにかえるのわてえこおがあってとおぜんですえじかんおかけてめりっとおてえねえにせつめえしてえくしかありませんねびいけんしゅうのきかいもふやしてふあんおとりのぞくどりょくがひつよおだとおもいます	A：せんしゅうのかいぎできまったしんしすてむのどおにゅうなんですがげんばからのわんぱつがおきくてB：そおですよねえままでのやりかたおきゅうにかえるのわてえこおがあってとおぜんですA：じかんおかけてめりっとおてえねえにせつめえしてえくしかありませんねB：けんしゅうのきかいもふやしてふあんおとりのぞくどりょくがひつよおだとおもいます
A：先週買ったシャツなんですが、サイズが合わなくて。。B：レシートはお持ちですか。。A：はい、こちらです。。B：では、交換させていただきます。少々お待ちください。	えせんしゅうかったしゃつなんですがさいずがあわなくてびいれしいとわおもちですかえわいこちらですびいでわこおかんさせてえただきますしょおしょおまちください	A：せんしゅうかったしゃつなんですがさいずがあわなくてB：れしとわおもちですかA：わいこちらですB：でわこおかんさせてえただきますしょおしょおまちください
A：先生、最近よく頭が痛いんです。。B：いつからですか。。A：二週間ぐらい前からです。仕事が忙しくて、あまり寝ていません。。B：それは睡眠不足のせいかもしれませんね。まずは規則正しい生活を心がけてください。	えせんせえさいきんよくあたまがいたいんですびいつからですかえにしゅうかんぐらいまえからですしごとがいそがしくてあまりねてえませんびいそれわすいみんふそくのせえかもしれませんねまずわきそくただしいせえかつおこころがけてください	A：せんせえさいきんよくあたまがいたいんですB：いつからですかA：にしゅうかんぐらいまえからですしごとがいそがしくてあまりねてえませんB：それわすいみんふそくのせえかもしれませんねまずわきそくただしいせえかつおこころがけてください
A：先日の企画書の件ですが、もう少しターゲット層を絞り込んだ方が無難ではないでしょうか。。B：おっしゃる通りですね。広げすぎると焦点がぼやけてしまい、かえって訴求力が低下する恐れがあります。。A：ええ。ですので、明日の会議までにデータを再分析し、修正案を練り直してもらえますか。。B：承知いたしました。至急取り掛かります。	えせんじつのきかくしょのけんですがもおすこしたあげっとそおしぼりこんだほおがぶなんでわないでしょおかびいおっしゃるとおりですねひろげすぎるとしょおてんがぼやけてしまいかえってそきゅうりょくがてえかするおそれがありますえですのであしたのかいぎまでにでえたおさいぶんせきししゅうせえあんおねりなおしてもらえますかびいしょおちいたしましたしきゅうとりかかります	A：せんじつのきかくしょのけんですがもおすこしたげっとそおしぼりこんだほおがぶなんでわないでしょおかB：おっしゃるとおりですねひろげすぎるとしょおてんがぼやけてしまいかえってそきゅうりょくがてえかするおそれがありますA：えですのであしたのかいぎまでにでたおさいぶんせきししゅうせえあんおねりなおしてもらえますかB：しょおちいたしましたしきゅうとりかかります
A：先日の提案書について、先方からフィードバックがありまして。全体的な方向性は評価されたんですが、収益モデルの部分でもう少し掘り下げた分析が欲しいと。。B：なるほど。競合他社との比較データを追加して、差別化ポイントを明確にしたほうがいいかもしれませんね。。A：そうですね。あと、リスク分析も入れておきましょう。来週水曜日の再提出に間に合いますか。。B：なんとかしますが、マーケティング部からのデータが必要です。至急手配してもらえますか。	えせんじつのてえあんしょについてせんぽおからふぃいどばっくがありましてぜんたいてきなほおこおせえわひょおかされたんですがしゅうえきもでるのぶぶんでもおすこしほりさげたぶんせきがほしいとびいなるほどきょおごおたしゃとのひかくでえたおついかしてさべつかぽいんとおめえかくにしたほおがいかもしれませんねえそおですねあとりすくぶんせきもいれておきましょおらいしゅうすいよおびのさいてえしゅつにまにあいますかびいなんとかしますがまあけてぃんぐぶからのでえたがひつよおですしきゅうてわいしてもらえますか	A：せんじつのてえあんしょについてせんぽおからふぃどばっくがありましてぜんたいてきなほおこおせえわひょおかされたんですがしゅうえきもでるのぶぶんでもおすこしほりさげたぶんせきがほしいとB：なるほどきょおごおたしゃとのひかくでたおついかしてさべつかぽいんとおめえかくにしたほおがいかもしれませんねA：そおですねあとりすくぶんせきもいれておきましょおらいしゅうすいよおびのさいてえしゅつにまにあいますかB：なんとかしますがまけてぃんぐぶからのでたがひつよおですしきゅうてわいしてもらえますか
A：先日の報道について、当社の見解を求める問い合わせが殺到しています。。B：事実関係を整理した上で、正式な声明を出す必要がありますね。。A：広報担当と顧問弁護士を含めた緊急会議を招集しましょう。。B：賛成です。誤った情報が独り歩きする前に、迅速な対応が肝心です。	えせんじつのほおどおについてとおしゃのけんかいおもとめるといあわせがさっとおしてえますびいじじつかんけえおせえりしたうえでせえしきなせえめえおだすひつよおがありますねえこおほおたんとおとこもんべんごしおふくめたきんきゅうかいぎおしょおしゅうしましょおびいさんせえですあやまったじょおほおがひとりあるきするまえにじんそくなたいおがかんじんです	A：せんじつのほおどおについてとおしゃのけんかいおもとめるといあわせがさっとおしてえますB：じじつかんけえおせえりしたうえでせえしきなせえめえおだすひつよおがありますねA：こおほおたんとおとこもんべんごしおふくめたきんきゅうかいぎおしょおしゅうしましょおB：さんせえですあやまったじょおほおがひとりあるきするまえにじんそくなたいおがかんじんです
A：先日購入した商品なんですが、初期不良があったようで、電源が入らないんです。。B：大変申し訳ございません。お手数ですが、レシートと商品をお持ちいただければ、すぐに交換させていただきます。。A：保証書はあるんですが、レシートは捨ててしまって。。B：かしこまりました。保証書があれば対応可能です。	えせんじつこおにゅうしたしょおひんなんですがしょきふりょおがあったよおででんげんがわいらないんですびいたいえんもおしわけございませんおてすうですがれしいととしょおひんおもちいただければすぐにこおかんさせてえただきますえほしょおしょわあるんですがれしいとわすててしまってびいかしこまりましたほしょおしょがあればたいおかのおです	A：せんじつこおにゅうしたしょおひんなんですがしょきふりょおがあったよおででんげんがわいらないんですB：たいえんもおしわけございませんおてかずですがれしととしょおひんおもちいただければすぐにこおかんさせてえただきますA：ほしょおしょわあるんですがれしとわすててしまってB：かしこまりましたほしょおしょがあればたいおかのおです
A：田中さん、会議の資料はもう準備できましたか。。B：すみません、今コピーをしているところです。あと5分くらいで終わります。。A：わかりました。終わったら、机の上に置いておいてください。。B：はい、承知いたしました。	えたなかさんかいぎのしりょおわもおじゅんびできましたかびいすみませんいまこぴいおしてえるところですあとごふんくらいでおわりますえわかりましたおわったらつくえのおえにおいておいてくださいびいわいしょおちいたしました	A：たなかさんかいぎのしりょおわもおじゅんびできましたかB：すみませんこんこぴおしてえるところですあとふんくらいでおわりますA：わかりましたおわったらつくえのおえにおいておいてくださいB：わいしょおちいたしました
A：田中さん、明日のプレゼン資料、最終確認お願いできますか。。B：はい。何時までに必要ですか。。A：明日の朝九時からプレゼンなので、今日の五時までにいただけると助かります。。B：わかりました。四時には送ります。	えたなかさんあしたのぷれぜんしりょおさいしゅうかくにんおねがいできますかびいわいなんじまでにひつよおですかえあしたのあさくじからぷれぜんなのできょおのごじまでにいただけるとたすかりますびいわかりましたよじにわおくります	A：たなかさんあしたのぷれぜんしりょおさいしゅうかくにんおねがいできますかB：わいつまでにひつよおですかA：あしたのあさきゅうじからぷれぜんなのできょおのごじまでにいただけるとたすかりますB：わかりましたよんじにわおくります
A：道頓堀でお好み焼きを食べませんか。。B：いいですね。でも、今日は雨が降りそうですから、デパートの中のレストランはどうですか。。A：そうですね。そうしましょう。	えどおとんぼりでおこのみやきおたべませんかびいですねでもきょおわあめがふりそおですからでぱあとのなかのれすとらんわどおですかえそおですねそおしましょお	A：どおとんぼりでおこのみやきおたべませんかB：いですねでもきょおわあめがおりそおですからでぱとのなかのれすとらんわどおですかA：そおですねそおしましょお
A：日本語の勉強で困っていることがあるんですが、相談してもいいですか。。B：もちろん。何ですか。。A：漢字をなかなか覚えられなくて。。B：毎日少しずつでもいいから、書いて覚えるのが一番ですよ。あと、文章の中で出会うのも効果的です。	えにほんごのべんきょおでこまってえることがあるんですがそおだんしてもいですかびいもちろんなにですかえかんじおなかなかおぼえられなくてびいまいにちすこしずつでもいからかいておぼえるのがいちばんですよあとぶんしょおのなかでであうのもこおかてきです	A：にほんごのべんきょおでこまってえることがあるんですがそおだんしてもいですかB：もちろんなにですかA：かんじおなかなかおぼえられなくてB：まいにちすこしずつでもいからかいておぼえるのがいちばんですよあとぶんしょおのなかでであうのもこおかてきです
A：日本語の勉強はどうですか。。B：難しいですが、楽しいです。特に漢字が好きです。。A：頑張ってくださいね。	えにほんごのべんきょおわどおですかびいむずかしいですがたのしいですとくにかんじがすきですえがんばってくださいね	A：にほんごのべんきょおわどおですかB：むずかしいですがたのしいですとくにかんじがすきですA：がんばってくださいね
A：日本語の本でおすすめはありますか。。B：村上春樹の『ノルウェイの森』はどうですか。。A：難しすぎませんか。。B：辞書を使えば大丈夫ですよ。語彙力も増えます。	えにほんごのほんでおすすめわありますかびいむらかみわるきののるうぇえのもりわどおですかえむずかしすぎませんかびいじしょおつかえばだいじょおぶですよごいりょくもふえます	A：にほんごのほんでおすすめわありますかB：むらかみわるきののるうぇいのもりわどおですかA：むずかしすぎませんかB：じしょおつかえばだいじょおぶですよごいりょくもふえます
A：部長、来週の会議の資料ができました。確認していただけますか。。B：ありがとう。今日中に目を通すから、修正点があれば明日の朝伝えるね。。A：わかりました。よろしくお願いします。	えぶちょおらいしゅうのかいぎのしりょおができましたかくにんしてえただけますかびいありがとおきょおじゅうにめおとおすからしゅうせえてんがあればあしたのあさつたえるねえわかりましたよろしくおねがいします	A：ぶちょおらいしゅうのかいぎのしりょおができましたかくにんしてえただけますかB：ありがとおきょおちゅうにめおとおすからしゅうせえてんがあればあしたのあさつたえるねA：わかりましたよろしくおねがいします
A：明日のテストは何時から始まりますか。。B：午前九時からですよ。三十分前には教室に来てください。。A：はい、わかりました。	えあしたのてすとわなんじからわじまりますかびいごぜんくじからですよさんじゅっぷんまえにわきょおしつにきてくださいえわいわかりました	A：あしたのてすとわなんじからわじまりますかB：ごぜんきゅうじからですよさんじゅうふんまえにわきょおしつにきてくださいA：わいわかりました
A：明日のパーティー、何時に行きますか。。B：午後6時半に行くつもりです。。A：じゃあ、駅で6時に待ち合わせましょう。。B：わかりました。	えあしたのぱあてぃいなんじにいきますかびいごごろくじわんにいくつもりですえじゃあえきでろくじにまちあわせましょおびいわかりました	A：あしたのぱてぃなんじにいきますかB：ごごじわんにいくつもりですA：じゃあえきでじにまちあわせましょおB：わかりました
A：明日のパーティーに何を持っていきますか。。B：飲み物を持っていこうと思います。Aさんは？。A：私はケーキを作ります。	えあしたのぱあてぃいになにおもってえきますかびいのみものおもってえこおとおもいますえさんわえわたしわけえきおつくります	A：あしたのぱてぃになにおもってえきますかB：のみものおもってえこおとおもいますAさんわA：わたしわけきおつくります
A：明日の飲み会、何人ぐらい来るかな。。B：今のところ、八人かな。田中さんが急に来られなくなったから。。A：そうか。じゃ、予約の人数を変更しておくね。。B：お願い。あと、個室がいいんだけど。。A：わかった、聞いてみるよ。	えあしたののみかいなんにんぐらいくるかなびいまのところわちにんかなたなかさんがきゅうにこられなくなったからえそおかじゃよやくのにんずうおえんこおしておくねびいおねがいあとこしつがいんだけどえわかったきいてみるよ	A：あしたののみかいなんにんぐらいくるかなB：いまのところわちにんかなたなかさんがきゅうにこられなくなったからA：そおかじゃよやくのにんずうおえんこおしておくねB：おねがいあとこしつがいんだけどA：わかったきいてみるよ
A：来期の販売目標について、現状の市場分析を踏まえると、ご提案の数値はやや楽観的に感じます。。B：ご指摘ありがとうございます。確かに、競合の値下げ攻勢を考慮すると、目標を一割程度下方修正したほうが現実的かもしれません。。A：その方が、達成可能性も高まりますし、社員の士気にもいい影響があるでしょう。	えらいきのわんばいもくひょおについてげんじょおのしじょおぶんせきおふまえるとごてえあんのすうちわややらっかんてきにかんじますびいごしてきありがとおございますたしかにきょおごおのねさげこおせえおこおりょするともくひょおいちわりてえどかほおしゅうせえしたほおがげんじつてきかもしれませんえそのほおがたっせえかのおせえもたかまりますししゃいんのしきにもいえきょおがあるでしょお	A：らいきのわんばいもくひょおについてげんじょおのしじょおぶんせきおふまえるとごてえあんのすうちわややらっかんてきにかんじますB：ごしてきありがとおございますたしかにきょおごおのねさげこおせえおこおりょするともくひょおいちわりてえどかほおしゅうせえしたほおがげんじつてきかもしれませんA：そのほおがたっせえかのおせえもたかまりますししゃいんのしきにもいえきょおがあるでしょお
A：来月から営業部の課長として、君を昇進させたいと考えている。。B：ありがとうございます。光栄ですが、私にはまだ経験が浅いように思いますが。。A：確かに若いが、最近のプロジェクトでの実績は他の社員より優れている。チームを引っ張る力もある。やってみないか。。B：分かりました。精一杯努めます。	えらいげつからえぎょおぶのかちょおとしてきみおしょおしんさせたいとかんがえてえるびいありがとおございますこおえですがわたしにわまだけえけんがあさいよおにおもいますがえたしかにわかいがさいきんのぷろじぇくとでのじっせきわたのしゃいんよりすぐれてえるちいむおひっぱるちからもあるやってみないかびいわかりましたせえっぱいつとめます	A：らいげつからえぎょおぶのかちょおとしてきみおしょおしんさせたいとかんがえてえるB：ありがとおございますこおえですがわたしにわまだけえけんがあさいよおにおもいますがA：たしかにわかいがさいきんのぷろじぇくとでのじっせきわたのしゃいんよりすぐれてえるちむおひっぱるちからもあるやってみないかB：わかりましたせえいっぱいつとめます
A：来月の新商品発表会についてですが、会場の確保はいかがでしょうか。。B：都内のホテルを二箇所候補に挙げています。今週中に下見に行く予定です。。A：予算は予定通りですか。。B：はい、上限内で収まる見込みです。	えらいげつのしんしょおひんわっぴょおかいについてですがかいじょおのかくほわいかがでしょおかびいとないのほてるおにかしょこおほにあげてえますこんしゅうちゅうにしたみにいくよてえですえよさんわよてえどおりですかびいわいじょおげんないでおさまるみこみです	A：らいげつのしんしょおひんわっぴょおかいについてですがかいじょおのかくほわいかがでしょおかB：とないのほてるおにかしょこおほにあげてえますこんしゅうちゅうにしたみにいくよてえですA：よさんわよてえどおりですかB：わいじょおげんないでおさまるみこみです
A：来月の大阪出張の件ですが、現地のクライアントとの打ち合わせは午後からですので、午前中は空いています。。B：じゃ、せっかくだから午前中に工場の視察を入れてもらえますか。。A：承知しました。先方に連絡しておきます。	えらいげつのおさかしゅっちょおのけんですがげんちのくらいあんととのおちあわせわごごからですのでごぜんちゅうわあいてえますびいじゃせっかくだからごぜんちゅうにこおじょおのしさつおいれてもらえますかえしょおちしましたせんぽおにれんらくしておきます	A：らいげつのおさかしゅっちょおのけんですがげんちのくらいあんととのおちあわせわごごからですのでごぜんちゅうわあいてえますB：じゃせっかくだからごぜんちゅうにこおじょおのしさつおいれてもらえますかA：しょおちしましたせんぽおにれんらくしておきます
A：来週、お時間ありますか。。B：月曜日と水曜日なら大丈夫です。。A：では、水曜日の午後二時はいかがでしょうか。。B：はい、その時間でお願いします。	えらいしゅうおじかんありますかびいげつよおびとすいよおびならだいじょおぶですえでわすいよおびのごごにじわいかがでしょおかびいわいそのじかんでおねがいします	A：らいしゅうおじかんありますかB：げつよおびとすいよおびならだいじょおぶですA：でわすいよおびのごごにじわいかがでしょおかB：わいそのじかんでおねがいします
A：来週の出張、大阪のホテルはもう予約した？。B：まだなんだ。駅の近くで探しているんだけど、どこがいいかな。。A：梅田周辺なら便利だと思うよ。値段もそんなに高くないし。。B：じゃ、今日中に予約するよ。ありがとう。	えらいしゅうのしゅっちょおさかのほてるわもおよやくしたびいまだなんだえきのちかくでさがしてえるんだけどどこがいかなえうめだしゅうえんならべんりだとおもおよねだんもそんなにたかくないしびいじゃきょおじゅうによやくするよありがとお	A：らいしゅうのしゅっちょおさかのほてるわもおよやくしたB：まだなんだえきのちかくでさがしてえるんだけどどこがいかなA：うめだしゅうえんならべんりだとおもおよねだんもそんなにたかくないしB：じゃきょおちゅうによやくするよありがとお
A：履歴書を拝見しましたが、前職を辞めた理由を教えてください。。B：はい、もっと専門的なスキルを身につけたいと思い、転職を決めました。。A：なるほど。当社で何をしたいですか。。B：マーケティングの経験を活かして、新しい商品の企画に挑戦したいです。	えりれきしょおわいけんしましたがぜんしょくおやめたりゆうおしえてくださいびいわいもっとせんもんてきなすきるおみにつけたいとおもいてんしょくおきめましたえなるほどとおしゃでなにおしたいですかびいまあけてぃんぐのけえけんおいかしてあたらしいしょおひんのきかくにちょおせんしたいです	A：りれきしょおわいけんしましたがまえしょくおやめたりゆうおしえてくださいB：わいもっとせんもんてきなすきるおみにつけたいとおもいてんしょくおきめましたA：なるほどとおしゃでなにおしたいですかB：まけてぃんぐのけえけんおいかしてあたらしいしょおひんのきかくにちょおせんしたいです
A：鈴木さん、昨日提出してもらった企画書なんだけど、コンセプトは面白いと思う。ただ、予算の部分がもう少し具体的だといいかな。。B：わかりました。見積もりを取り直して、金曜日までに修正版を提出します。。A：お願いします。	えすずきさんきのおてえしゅつしてもらったきかくしょなんだけどこんせぷとわおもしろいとおもおただよさんのぶぶんがもおすこしぐたいてきだといかなびいわかりましたみつもりおとりなおしてきんよおびまでにしゅうせえばんおてえしゅつしますえおねがいします	A：すずきさんきのおてえしゅつしてもらったきかくしょなんだけどこんせぷとわおもしろいとおもおただよさんのぶぶんがもおすこしぐたいてきだといかなB：わかりましたみつもりおとりなおしてきんよおびまでにしゅうせえばんおてえしゅつしますA：おねがいします
AI の進化につれて、働き方も変わってきた。	えあいのしんかにつれてわたらきかたもかわってきた	AIのしんかにつれてわたらきかたもかわってきた
AIが最適な配送ルートを瞬時に弾き出してくれる。	えあいがさいてきなわいそおるうとおしゅんじにわじきだしてくれる	AIがさいてきなわいそおるとおしゅんじにわじきだしてくれる
AIが出した答えを、批判的に吟味できるかどうかは、まさにその人の学びの深さにかかっている。	えあいがだしたこたえおひわんてきにぎんみできるかどおかわまさにそのひとのまなびのふかさにかかってえる	AIがだしたこたえおひわんてきにぎんみできるかどおかわまさにそのひとのまなびのふかさにかかってえる
AI技術の発展に伴い、倫理的な課題も深刻化している。アルゴリズムの偏見、プライバシーの侵害、雇用の喪失など、社会全体で取り組むべき問題が山積している。技術の進歩を享受するためには、それに見合った制度設計と社会的合意の形成が不可欠である。	えあいぎじゅつのわってんにともないりんりてきなかだいもしんこくかしてえるあるごりずむのえんけんぷらいばしいのしんがいこよおのそおしつなどしゃかいぜんたいでとりくむべきもんだいがさんせきしてえるぎじゅつのしんぽおきょおじゅするためにわそれにみあったせえどせっけえとしゃかいてきごおいのけえせえがふかけつである	AIぎじゅつのわってんにともないりんりてきなかだいもしんこくかしてえるあるごりずむのえんけんぷらいばしのしんがいこよおのそおしつなどしゃかいぜんたいでとりくむべきもんだいがさんせきしてえるぎじゅつのしんぽおきょおじゅするためにわそれにみあったせえどせっけえとしゃかいてきごおいのけえせえがふかけつである
AI技術は日進月歩で発展しており、一年前の常識がもはや通用しない。	えあいぎじゅつわにっしんげっぽでわってんしておりいちねんまえのじょおしきがもわやつうよおしない	AIぎじゅつわにっしんげっぽでわってんしておりいちねんまえのじょおしきがもわやつうよおしない
ATMでお金をおろしたいです。	えてぃいえむでおかねおろしたいです	ATMでおかねおろしたいです
ICカードにチャージしたいです。	あいしいかあどにちゃあじしたいです	ICかどにちゃじしたいです
IT業界は技術の進歩が目まぐるしく、常に学び続ける必要がある。	あいてぃいぎょおかいわぎじゅつのしんぽがめまぐるしくつねにまなびつずけるひつよおがある	ITぎょおかいわぎじゅつのしんぽがめまぐるしくつねにまなびつずけるひつよおがある
SNSの普及により、誰もが情報の発信者になれる時代を迎えた。これは民主主義の深化に資する一方で、フェイクニュースの拡散や、世論の二極化といった新たな問題も生み出している。メディアリテラシー教育の重要性は、かつてないほど高まっていると言えよう。	えすえぬえすのふきゅうによりだれもがじょおほおのわっしんしゃになれるじだいおむかえたこれわみんしゅしゅぎのしんかにしするいっぽおでふぇえくにゅうすのかくさんやせろんのにきょくかといったあらたなもんだいもおみだしてえるめでぃありてらしいきょおいくのじゅうよおせえわかつてないほどたかまってえるといえよお	SNSのふきゅうによりだれもがじょおほおのわっしんしゃになれるじだいおむかえたこれわみんしゅしゅぎのしんかにしするいっぽおでふぇいくにゅすのかくさんやせろんのにきょくかといったあらたなもんだいもおみだしてえるめでぃありてらしきょおいくのじゅうよおせえわかつてないほどたかまってえるといえよお
SNSを通じて、昔の友人と再会した。	えすえぬえすおつうじてむかしのゆうじんとさいかいした	SNSおつうじてむかしのゆうじんとさいかいした
V かける	ぶいかける	Vかける
V きる	ぶいきる	Vきる
V すぎる	ぶいすぎる	Vすぎる
Wi-Fiのパスワードを教えてください。	わいふぁいのぱすわあどおしえてください	WiFiのぱすわどおしえてください
Wi-Fiは使えますか？	わいふぁいわつかえますか	WiFiわつかえますか
ああいうかっこいい人と友達になりたい、新しい家具も欲しいなぁ。	あいうかっこいひととともだちになりたいあたらしいかぐもほしいなあ	あゆうかっこいひととともだちになりたいあたらしいかぐもほしいなぁ
アイスクリームを外に置いておいたら、あっという間に溶けてしまった。	あいすくりいむおそとにおいておいたらあっとゆうまにとけてしまった	あいすくりむおそとにおいておいたらあっというまにとけてしまった
あくせさりー	あくせさりい	あくせさり
あしたの集合は8時半でしたが、道路が混むそうなので、30分早めます。遅れないようにしてください。	あしたのしゅうごおわわちじわんでしたがどおろがこむそおなのでさんじゅっぷんわやめますおくれないよおにしてください	あしたのしゅうごおわじわんでしたがどおろがこむそおなのでふんわやめますおくれないよおにしてください
あしたの朝9時に、駅の南口で会いましょう。	あしたのあさくじにえきのみなみぐちであいましょお	あしたのあさじにえきのみなみぐちであいましょお
アップデート直後からアプリに不具合が続出し、開発チームは対応に追われた。	あっぷでえとちょくごからあぷりにふぐあいがぞくしゅつしかいわつちいむわたいおにおわれた	あっぷでとちょくごからあぷりにふぐあいがぞくしゅつしかいわつちむわたいおにおわれた
あと一点で合格だったのに、本当に惜しいことをした。	あといってんでごおかくだったのにほんとおにおしいことおした	あといちてんでごおかくだったのにほんとおにおしいことおした
あと一点で合格だったのに、本当に惜しいことをしましたね。	あといってんでごおかくだったのにほんとおにおしいことおしましたね	あといちてんでごおかくだったのにほんとおにおしいことおしましたね
あと一点で優勝を逃してしまい、悔しくて涙が出ました。	あといってんでゆうしょおのがしてしまいくやしくてなみだがでました	あといちてんでゆうしょおのがしてしまいくやしくてなみだがでました
あと一歩で優勝を逃してしまい、口惜しくて涙が止まらなかった。	あといっぽでゆうしょおのがしてしまいくちおしくてなみだがとまらなかった	あといちほでゆうしょおのがしてしまいくやしくてなみだがとまらなかった
あと一歩のところで優勝を逃し、彼は無念の涙をのんだ。	あといっぽのところでゆうしょおのがしかれわむねんのなみだおのんだ	あといちほのところでゆうしょおのがしかれわむねんのなみだおのんだ
あなたさえいれば、他に何もいらない。	あなたさえればほかになにもいらない	あなたさえればたになにもいらない
あには大学生で、サッカーがとても上手です。	あにわだいがくせえでさっかあがとてもじょおずです	あにわだいがくせえでさっかがとてもじょおずです
あのお店で素敵なコートを見つけました。	あのおみせですてきなこおとおみつけました	あのおみせですてきなことおみつけました
あのグループは排他的で、新参者をなかなか受け入れようとしない。	あのぐるうぷわわいたてきでしんざんものおなかなかうけえれよおとしない	あのぐるぷわわいたてきでしんざんしゃおなかなかうけえれよおとしない
あのスープは熱そうです。	あのすうぷわねっそおです	あのすぷわあつそおです
あのベンチャー企業は、今や飛ぶ鳥を落とす勢いで業界を席巻している。	あのべんちゃあきぎょおわいまやとぶとりおとすいきおいでぎょおかいおせっけんしてえる	あのべんちゃきぎょおわいまやとぶとりおとすいきおいでぎょおかいおせっけんしてえる
あの会社は来月リモートワークを廃止するらしい。	あのかいしゃわらいげつりもおとわあくおわいしするらしい	あのかいしゃわらいげつりもとわくおわいしするらしい
あの教授は評価が厳しいことで、学生の間で知られている。	あのきょおじゅわひょおかがきびしいことでがくせえのあいだでしられてえる	あのきょおじゅわひょおかがきびしいことでがくせえのまでしられてえる
あの事故のニュースを聞いて、改めて地震の恐ろしさを感じた。	あのじこのにゅうすおきいてあらためてじしんのおそろしさおかんじた	あのじこのにゅすおきいてあらためてじしんのおそろしさおかんじた
あの女優はいつも派手な服装で、パーティー会場でもすぐに目立っていた。	あのじょゆうわいつもわでなふくそおでぱあてぃいかいじょおでもすぐにめだってえた	あのじょゆうわいつもわでなふくそおでぱてぃかいじょおでもすぐにめだってえた
あの新しい書店は品揃えがいいそうだ。	あのあたらしいしょてんわしなぞろえがいそおだ	あのあたらしいしょてんわしなそろえがいそおだ
あの人に秘密を打ち明けたが最後、あっという間に噂が広がる。	あのひとにひみつおちあけたがさいごあっとゆうまにうわさがひろがる	あのひとにひみつおちあけたがさいごあっというまにうわさがひろがる
あの政治家は、巧みな策略で対立候補を次々に窮地に追い込んだ。	あのせえじかわたくみなさくりゃくでたいりっこおほおつぎつぎにきゅうちにおいこんだ	あのせえじかわたくみなさくりゃくでたいりつこおほおつぎつぎにきゅうちにおいこんだ
あの星から届く光は、実に何千光年もの時を経て、ようやく私たちの目に達したものだ。	あのほしからとどくひかりわじつになんぜんこおねんものときおえてよおやくわたしたちのめにたっしたものだ	あのほしからとどくひかりわじつになんせんこおねんものときおえてよおやくわたしたちのめにたっしたものだ
あの大家がこんな初歩的なミスを犯すとは、弘法にも筆の誤りと言うべきか。	あのおやがこんなしょほてきなみすおかすとわこおぼおにもふでのあやまりというべきか	あのおやがこんなしょほてきなみすおかすとわぐほおにもふでのあやまりというべきか
あの店のラーメンは、若い人の間でとても人気がある。	あのみせのらあめんわわかいひとのあいだでとてもにんきがある	あのみせのらめんわわかいひとのまでとてもにんきがある
あの二人が不仲だなどというのは、誰かが面白半分に流した根も葉もない噂に過ぎない。	あのふたりがふなかだなどというのわだれかがおもしろわんぶんにながしたねもわもないうわさにすぎない	あのににんがふなかだなどというのわだれかがおもしろわんぶんにながしたねもわもないうわさにすぎない
あの二人が付き合っているという噂は、どうやら本当だったらしい。	あのふたりがつきあってえるというわさわどおやらほんとおだったらしい	あのににんがつきあってえるというわさわどおやらほんとおだったらしい
あの俳優はスーツを着ると本当に格好いいですね。	あのわいゆうわすうつおきるとほんとおにかっこおいですね	あのわいゆうわすつおきるとほんとおにかっこおいですね
あの不気味な静けさは、今にして思えば大地震の前兆に他ならなかった。	あのぶきみなしずけさわいまにしておもえばだいじしんのぜんちょおにほかならなかった	あのぶきみなしずけさわいまにしておもえばだいじしんのぜんちょおにたならなかった
あの文豪の人柄を物語る逸話は、今でも語り草になっている。	あのぶんごおのひとがらおものがたるいつわわいまでもかたりぐさになってえる	あのぶんごおのひとがらおものがたるいつわわいまでもかたりくさになってえる
あの方は田中さんです。	あのかたわたなかさんです	あのほおわたなかさんです
アパートでは犬を飼うことができません。	あぱあとでわいぬおかうことができません	あぱとでわいぬおかうことができません
アプリで勉強するのは便利、紙のノートは少し不便かもしれません。	あぷりでべんきょおするのわべんりかみののおとわすこしふべんかもしれません	あぷりでべんきょおするのわべんりかみののとわすこしふべんかもしれません
あまりに凄惨な現場を目の当たりにし、彼は恐怖に慄いた。	あまりにせえさんなげんばおまのあたりにしかれわきょおふにおののいた	あまりにせえさんなげんばおまのあたりにしかれわきょおふに慄いた
あまりに理不尽な仕打ちに、温厚な彼でさえ激しい憤慨を露わにした。	あまりにりふじんなしうちにおんこおなかれでさえわげしいふんがいおあらわにした	あまりにりふじんなしうちにおんこおなかれでさえわげしいふんがいおろわにした
あらう	あらあ	あらう
アルバイトのおかげで、お金だけでなく、人との話し方やチームワークの大切さも学びました。	あるばいとのおかげでおかねだけでなくひととのわなしかたやちいむわあくのたいせつさもまなびました	あるばいとのおかげでおかねだけでなくひととのわなしかたやちむわくのたいせつさもまなびました
あれだけ面倒を見てやったのに、彼は裏で私の悪口を言いふらすとは、まさに恩を仇で返す行為だ。	あれだけめんどおみてやったのにかれわうらでわたしのわるぐちおいふらすとわまさにおんおあだでかえすこおいだ	あれだけめんどおみてやったのにかれわうらでわたしのわるぐちおいふらすとわまさにおんおきゅうでかえすこおいだ
あれほど激しく対立した二人だが、腹を割って話した後はかえって固い信頼で結ばれた。雨降って地固まるとはこのことだ。	あれほどわげしくたいりつしたふたりだがわらおわってわなしたあとわかえってかたいしんらいでむすばれたあめふってじかたまるとわこのことだ	あれほどわげしくたいりつしたににんだがわらおわってわなしたのちわかえってかたいしんらいでむすばれたあめふってちかたまるとわこのことだ
あれるぎー	あれるぎい	あれるぎ
アンケートだけでは分からない現場の実態を把握するため、直接聞き取り調査を行った。	あんけえとだけでわわからないげんばのじったいおわあくするためちょくせつききとりちょおさおこなった	あんけとだけでわわからないげんばのじったいおわあくするためちょくせつききとりちょおさおこなった
アンケートにご回答いただいた方には、もれなく粗品を進呈いたします。	あんけえとにごかいとおいただいたほおにわもれなくそしなおしんてえたします	あんけとにごかいとおいただいたほおにわもれなくそしなおしんてえいたします
アンケートによって収集したデータを、これから詳しく分析していきます。	あんけえとによってしゅうしゅうしたでえたおこれからくわしくぶんせきしてえきます	あんけとによってしゅうしゅうしたでたおこれからくわしくぶんせきしてえきます
アンケートに基づく改善案を提示した。	あんけえとにもとずくかいぜんあんおてえじした	あんけとにもとずくかいぜんあんおてえじした
アンケートの結果、値段よりもサービスの質を重視するお客様が多いことがわかりました。安さで勝負するより、質を高める方向で進めましょう。	あんけえとのけっかねだんよりもさあびすのしつおじゅうしするおきゃくさまがおいことがわかりましたやすさでしょおぶするよりしつおたかめるほおこおですすめましょお	あんけとのけっかねだんよりもさびすのしつおじゅうしするおきゃくさまがおいことがわかりましたやすさでしょおぶするよりしつおたかめるほおこおですすめましょお
アンケートの結果は、我々の予想と概ね一致していた。	あんけえとのけっかわわれわれのよそおとおむねえっちしてえた	あんけとのけっかわわれわれのよそおとおむねえっちしてえた
アンケートの結果を統計して、来週の会議で発表する予定です。	あんけえとのけっかおとおけえしてらいしゅうのかいぎでわっぴょおするよてえです	あんけとのけっかおとおけえしてらいしゅうのかいぎでわっぴょおするよてえです
アンケートの結果を分析したところ、若い世代の不満が明らかになった。	あんけえとのけっかおぶんせきしたところわかいせだいのふまんがあきらかになった	あんけとのけっかおぶんせきしたところわかいせだいのふまんがあきらかになった
アンケートへの回答は任意ですので、答えたくない項目は空欄で構いません。	あんけえとえのかいとおわにんいですのでこたえたくないこおもくわくうらんでかまいません	あんけとえのかいとおわにんいですのでこたえたくないこおもくわくうらんでかまいません
アンケート調査は来月から全国の支店で一斉に実施される予定です。	あんけえとちょおさわらいげつからぜんこくのしてんでえっせえにじっしされるよてえです	あんけとちょおさわらいげつからぜんこくのしてんでえっせえにじっしされるよてえです
あんなに難しい試験に、彼はたった一週間の勉強で合格したそうだ。	あんなにむずかしいしけんにかれわたったいっしゅうかんのべんきょおでごおかくしたそおだ	あんなにむずかしいしけんにかれわたったいちしゅうかんのべんきょおでごおかくしたそおだ
いくら～ても	いくらても	いくら～ても
いつもは会社に通う毎日が同じパターン、でも今日は特別な日です。	いつもわかいしゃにかよおまいにちがおなじぱたあんでもきょおわとくべつなひです	いつもわかいしゃにかよおまいにちがおなじぱたんでもきょおわとくべつなひです
インターネットで旅行のツアーを申し込みました。	いんたあねっとでりょこおのつあおもおしこみました	いんたねっとでりょこおのつあおもおしこみました
インターネットには間違った情報も多いので、気をつけたほうがいいです。	いんたあねっとにわまちがったじょおほおもおいのできおつけたほおがいです	いんたねっとにわまちがったじょおほおもおいのできおつけたほおがいです
インターネットのおかげで、世界中の人と簡単につながれるようになりました。	いんたあねっとのおかげでせかいじゅうのひととかんたんにつながれるよおになりました	いんたねっとのおかげでせかいじゅうのひととかんたんにつながれるよおになりました
インターネットの接続がよく切れるんです。	いんたあねっとのせつぞくがよくきれるんです	いんたねっとのせつぞくがよくきれるんです
インターネットの普及は、人々の暮らしに革命をもたらした。	いんたあねっとのふきゅうわひとびとのくらしにかくめえおもたらした	いんたねっとのふきゅうわひとびとのくらしにかくめえおもたらした
インターネット上には、真偽の定かでない情報があふれている。	いんたあねっとじょおにわしんぎのさだかでないじょおほおがあふれてえる	いんたねっとじょおにわしんぎのさだかでないじょおほおがあふれてえる
インターネット上には正しい情報も誤った情報も入り混じっているので、注意が必要だ。	いんたあねっとじょおにわただしいじょおほおもあやまったじょおほおもわいりまじってえるのでちゅういがひつよおだ	いんたねっとじょおにわただしいじょおほおもあやまったじょおほおもわいりまじってえるのでちゅういがひつよおだ
インターネット上の画像でも、著作権には十分注意しなければならない。	いんたあねっとじょおのがぞおでもちょさっけんにわじゅうぶんちゅういしなければならない	いんたねっとじょおのがぞおでもちょさくけんにわじゅうぶんちゅういしなければならない
インターネット通販の普及により、従来の小売店は苦戦を強いられている。	いんたあねっとつうわんのふきゅうによりじゅうらいのこおりてんわくせんおしいられてえる	いんたねっとつうわんのふきゅうによりじゅうらいのこおりてんわくせんおしいられてえる
うちのペットの犬も一緒。毛が長くて、葉っぱや羽が引っかかっていました。	うちのぺっとのいぬもいっしょけがながくてわっぱやわねがひっかかってえました	うちのぺっとのいぬもいっしょもおがながくてわっぱやわねがひっかかってえました
うまくいかないのを他人の所為にしているうちは、いつまでも成長できないだろう。	うまくいかないのおたにんのせえにしてえるうちわいつまでもせえちょおできないだろお	うまくいかないのおたにんのしょいにしてえるうちわいつまでもせえちょおできないだろお
うわさはあっという間に学校中に広がってしまいました。	うわさわあっとゆうまにがっこおちゅうにひろがってしまいました	うわさわあっというまにがっこおちゅうにひろがってしまいました
エアコンの調子がわるくて、修理の人を呼びました。午後3時ごろ来るそうなので、家にいなければなりません。	えあこんのちょおしがわるくてしゅうりのひとおよびましたごごさんじごろくるそおなのでえにいなければなりません	えあこんのちょおしがわるくてしゅうりのひとおよびましたごごじごろくるそおなのでえにいなければなりません
えねるぎー	えねるぎい	えねるぎ
えれべーたー	えれべえたあ	えれべた
エレベーターが故障したので、階段を使いましょう。	えれべえたあがこしょおしたのでかいだんおつかいましょお	えれべたがこしょおしたのでかいだんおつかいましょお
エレベーターで五階まで行きます。	えれべえたあでごかいまでえきます	えれべたでごかいまでえきます
エレベーターに乗ったら、三階のボタンを押してください。	えれべえたあにのったらさんがいのぼたんおしてください	えれべたにのったらさんかいのぼたんおしてください
エレベーターより階段を使うようにしている。	えれべえたあよりかいだんおつかうよおにしてえる	えれべたよりかいだんおつかうよおにしてえる
エンジンが故障したヨットは、三日間も太平洋を漂流し続けた。	えんじんがこしょおしたよっとわみっかかんもたいえよおひょおりゅうしつずけた	えんじんがこしょおしたよっとわさんにちかんもたいえよおひょおりゅうしつずけた
おじさんは警官、おばさんも会社員で、二人ともよく働いています。	おじさんわけえかんおばさんもかいしゃいんでふたりともよくわたらいてえます	おじさんわけえかんおばさんもかいしゃいんでににんともよくわたらいてえます
おっしゃることはごもっともですが、一点だけ確認させてください。	おっしゃることわごもっともですがいってんだけかくにんさせてください	おっしゃることわごもっともですがいちてんだけかくにんさせてください
おばさんはケーキを作るのが上手です。	おばさんわけえきおつくるのがじょおずです	おばさんわけきおつくるのがじょおずです
おひるはかいしゃのちかくのみせでラーメンをたべます。	おひるわかいしゃのちかくのみせでらあめんおたべます	おひるわかいしゃのちかくのみせでらめんおたべます
お会計は小銭で払いますか、それともカードで?	おかいけえわこぜにでわらいますかそれともかあどで	おかいけえわこぜにでわらいますかそれともかどで
お願いしたいんですけど…	おねがいしたいんですけど	おねがいしたいんですけど…
お客様がサービスの改善を要求してきたので、すぐに対応した。	おきゃくさまがさあびすのかいぜんおよおきゅうしてきたのですぐにたいおした	おきゃくさまがさびすのかいぜんおよおきゅうしてきたのですぐにたいおした
お客様がボタンを押して、追加注文。冷蔵庫を開けて、卵を取って、ケーキを切ります。	おきゃくさまがぼたんおしてついかちゅうもんれえぞおこおあけてたまごおとってけえきおきります	おきゃくさまがぼたんおしてついかちゅうもんれえぞおこおあけてたまごおとってけきおきります
お客様からの意見をもとに、サービスを改善していきたいと思います。	おきゃくさまからのいけんおもとにさあびすおかいぜんしてえきたいとおもいます	おきゃくさまからのいけんおもとにさびすおかいぜんしてえきたいとおもいます
お客様が帰ったあと、お皿を洗って、磨いて、テーブルを綺麗にします。	おきゃくさまがかえったあとおさらおあらってみがいててえぶるおきれえにします	おきゃくさまがかえったあとおさらおあらってみがいててぶるおきれえにします
お客様にご案内いたします。本日、3階の紳士服売り場では、セールを行っております。	おきゃくさまにごあんないたしますほんじつさんがいのしんしふくうりばでわせえるおこなっております	おきゃくさまにごあんないたしますほんじつかいのしんしふくうりばでわせるおこなっております
お客様に満足していただけるサービスを提供したいと思っています。	おきゃくさまにまんぞくしてえただけるさあびすおてえきょおしたいとおもってえます	おきゃくさまにまんぞくしてえただけるさびすおてえきょおしたいとおもってえます
お客様のご意見をもとに、サービスの改善点を洗い出しました。	おきゃくさまのごいけんおもとにさあびすのかいぜんてんおあらいだしました	おきゃくさまのごいけんおもとにさびすのかいぜんてんおあらいだしました
お支払いは現金、もしくはクレジットカードでお願いします。	おしわらいわげんきんもしくわくれじっとかあどでおねがいします	おしわらいわげんきんもしくわくれじっとかどでおねがいします
お手数ですが、ご確認いただけますでしょうか。	おてすうですがごかくにんいただけますでしょおか	おてかずですがごかくにんいただけますでしょおか
お手数ですが、確認していただけますか。	おてすうですがかくにんしてえただけますか	おてかずですがかくにんしてえただけますか
お申し込みは、専用フォーム、もしくはお電話にて受け付けております。	おもおしこみわせんよおふぉおむもしくわおでんわにてうけつけております	おもおしこみわせんよおふぉむもしくわおでんわにてうけつけております
お湯が沸いたら、火を止めて茶葉を入れてください。	おゆがわいたらひおとめてちゃばおいれてください	おゆがわいたらひおとめてちゃわおいれてください
お父さんが3日前に入院しましたが、昨日無事退院、みんなで安心しました。	おとおさんがみっかまえににゅういんしましたがきのおぶじたいんみんなであんしんしました	おとおさんがにちまえににゅういんしましたがきのおぶじたいんみんなであんしんしました
お父さんは仕事の後、晩ご飯と一緒にお酒を少し飲みます。	おとおさんわしごとのあとばんごわんといっしょにおさけおすこしのみます	おとおさんわしごとののちばんごわんといっしょにおさけおすこしのみます
お腹が空いて、何か食べました。	おなかがすいてなにかたべました	おなかがあいてなにかたべました
お母さんとデパートとスーパーで買い物をして、駅前の店で本を買って、喫茶店でケーキを食べました。	おかあさんとでぱあととすうぱあでかいものおしてえきまえのみせでほんおかってきっさてんでけえきおたべました	おかあさんとでぱととすぱでかいものおしてえきまえのみせでほんおかってきっさてんでけきおたべました
お忙しい中、貴重なお時間をいただき、ありがとうございました。	おいそがしいなかきちょおなおじかんおいただきありがとおございました	おいそがしいちゅうきちょおなおじかんおいただきありがとおございました
カーテンのすき間から差し込む朝の光で目が覚めました。	かあてんのすきまからさしこむあさのひかりでめがさめました	かてんのすきまからさしこむあさのひかりでめがさめました
カーテンの隙間から差し込む朝日が眩しい。	かあてんのすきまからさしこむあさひがまぶしい	かてんのすきまからさしこむあさひがまぶしい
かーど	かあど	かど
カードで払う時はサイン、印鑑が必要な手続きもあります。	かあどでわらうときわさいんいんかんがひつよおなてつずきもあります	かどでわらうときわさいんいんかんがひつよおなてつずきもあります
カードで払えますか？	かあどでわらえますか	かどでわらえますか
カーブに差しかかった瞬間、遠心力で体が外側へ持っていかれそうになった。	かあぶにさしかかったしゅんかんえんしんりょくでからだがそとがわえもってえかれそおになった	かぶにさしかかったしゅんかんえんしんりょくでからだがそとがわえもってえかれそおになった
カーブに差し掛かる際は、あらかじめ速度を落とすことが肝心だ。	かあぶにさしかかるさいわあらかじめそくどおとすことがかんじんだ	かぶにさしかかるさいわあらかじめそくどおとすことがかんじんだ
カウンターからお皿を引いて、お客様に渡しました。写真を撮りたいというお客様にもメニューを渡しました。	かうんたあからおさらおひいておきゃくさまにわたしましたしゃしんおとりたいというおきゃくさまにもめにゅうおわたしました	かうんたからおさらおひいておきゃくさまにわたしましたしゃしんおとりたいというおきゃくさまにもめにゅおわたしました
カウンターで丼の絵と写真を見て、味噌汁付きの定食を選びました。	かうんたあでどんぶりのえとしゃしんおみてみそしるつきのてえしょくおえらびました	かうんたでどんぶりのえとしゃしんおみてみそしるつきのてえしょくおえらびました
かつてこの国は、長い間外国の支配下に置かれていた。	かつてこのくにわながいあいだがいこくのしわいかにおかれてえた	かつてこのくにわながいまがいこくのしわいかにおかれてえた
かつて交易の要衝として繁栄を極めた港町も、今は静かだ。	かつてこおえきのよおしょおとしてわんえおきわめたみなとまちもいまわしずかだ	かつてこおえきのよおしょおとしてわんえおきわめたみなとちょおもいまわしずかだ
かつて神社は、その地域の祭祀を一手に司る存在であった。	かつてじんじゃわそのちいきのさいしおいってにつかさどるそんざいであった	かつてじんじゃわそのちいきのさいしおいちてにつかさどるそんざいであった
かつて政治の中心が奈良から京都へと遷都された経緯を、資料館で学んだ。	かつてせえじのちゅうしんがならからきょおとえとせんとされたけえおしりょおかんでまなんだ	かつてせえじのちゅうしんがならからきょおとえとせんとされたけえいおしりょおかんでまなんだ
かばんの中に本やノートがあります。	かばんのなかにほんやのおとがあります	かばんのなかにほんやのとがあります
カフェのケーキは甘くて美味しい、でもインドのカレーは辛くて不味い時もあります。	かふぇのけえきわあまくておいしいでもいんどのかれえわからくてまずいときもあります	かふぇのけきわあまくておいしいでもいんどのかれわつらくてまずいときもあります
カレーを作るために、材料を買ってきました。	かれえおつくるためにざいりょおかってきました	かれおつくるためにざいりょおかってきました
かろりー	かろりい	かろり
ぎきょ	ぎきよ	ぎきょ
きのう デパートで 買い物しました。	きのおでぱあとでかいものしました	きのおでぱとでかいものしました
キャンプファイヤーの炎を見つめていると、心が落ち着きます。	きゃんぷふあいやあのほのおみつめてえるとこころがおちつきます	きゃんぷふぁいやのほのおみつめてえるとこころがおちつきます
クッキーを八つ焼きました。	くっきいおやっつやきました	くっきおやっつやきました
グルメな母のことだから、きっと美味しい店をリサーチしているだろう。	ぐるめなわわのことだからきっとおいしいみせおりさあちしてえるだろお	ぐるめなわわのことだからきっとおいしいみせおりさちしてえるだろお
クレームには敏速に対応することが、信頼を保つ鍵となる。	くれえむにわびんそくにたいおすることがしんらいおたもつかぎとなる	くれむにわびんそくにたいおすることがしんらいおたもつかぎとなる
ケーキを半分食べました。	けえきおわんぶんたべました	けきおわんぶんたべました
げーむ	げえむ	げむ
ごうう	ごお	ごおう
こうしたサービスのおかげで、コンビニは私たちの生活にかかせない存在になりました。	こおしたさあびすのおかげでこんびにわわたしたちのせえかつにかかせないそんざいになりました	こおしたさびすのおかげでこんびにわわたしたちのせえかつにかかせないそんざいになりました
こうしたマナーの背景には、「まわりの人にめいわくをかけない」という日本の考え方があります。	こおしたまなあのわいけえにわまわりのひとにめえわくおかけないというにっぽんのかんがえかたがあります	こおしたまなのわいけえにわまわりのひとにめえわくおかけないというにっぽんのかんがえかたがあります
こうしたマナーは、たくさんの人が気もちよく電車を使うためのものです。	こおしたまなあわたくさんのひとがきもちよくでんしゃおつかうためのものです	こおしたまなわたくさんのひとがきもちよくでんしゃおつかうためのものです
こーと	こおと	こと
こーひー	こおひい	こひ
コーヒーか紅茶、どちらにしますか。	こおひいかこおちゃどちらにしますか	こひかこおちゃどちらにしますか
コーヒーでも飲みませんか。	こおひいでものみませんか	こひでものみませんか
コーヒーにしますか、それともお茶にしますか。	こおひいにしますかそれともおちゃにしますか	こひにしますかそれともおちゃにしますか
コーヒーにしますか。それとも、紅茶にしますか。	こおひいにしますかそれともこおちゃにしますか	こひにしますかそれともこおちゃにしますか
コーヒーになさいますか、それとも紅茶になさいますか。	こおひいになさいますかそれともこおちゃになさいますか	こひになさいますかそれともこおちゃになさいますか
コーヒーには砂糖を入れないほうが好きです。	こおひいにわさとおいれないほおがすきです	こひにわさとおいれないほおがすきです
コーヒーに砂糖を入れます。	こおひいにさとおいれます	こひにさとおいれます
コーヒーは苦いです。	こおひいわにがいです	こひわにがいです
コーヒーを3杯飲んだから、夜眠れないわけだ。	こおひいおさんばいのんだからよるねむれないわけだ	こひおわいのんだからよるねむれないわけだ
コーヒーを一つ、お願いします。	こおひいおひとつおねがいします	こひおひとつおねがいします
コーヒーを落として、シャツが汚れました。誰かが新しい服を汚す前に、急いで拭きました。	こおひいおとしてしゃつがよごれましただれかがあたらしいふくおよごすまえにいそいでぶきました	こひおとしてしゃつがよごれましただれかがあたらしいふくおけがすまえにいそいでふきました
ゴールデンウィークともなると、人気テーマパークは入場制限が出るほど混雑する。	ごおるでんうぃいくともなるとにんきてえまぱあくわにゅうじょおせえげんがでるほどこんざつする	ごるでんうぃくともなるとにんきてまぱくわにゅうじょおせえげんがでるほどこんざつする
ここからあそこまでボールを投げられますか。	ここからあそこまでぼおるおなげられますか	ここからあそこまでぼるおなげられますか
ここで一手誤れば全てを失う、まさに正念場ともいえる局面だ。	ここでえってあやまればすべておしなうまさにしょおねんばともいえるきょくめんだ	ここでえちてあやまればすべておしなうまさにしょおねんばともいえるきょくめんだ
ここは夜になると人通りが少なくて危険なので、一人で歩かないほうがいい。	ここわよるになるとひとどおりがすくなくてきけんなのでひとりであるかないほおがい	ここわよるになるとひとどおりがすくなくてきけんなのでえちにんであるかないほおがい
こちらの商品は、ただいまセール中で、表示価格から3割引きとなっております。	こちらのしょおひんわただいませえるちゅうでひょおじかかくからさんわりびきとなっております	こちらのしょおひんわただいませるちゅうでひょおじかかくからわりびきとなっております
コップを倒して、テーブルの上にジュースが零れてしまいました。	こっぷおたおしててえぶるのおえにじゅうすがこぼれてしまいました	こっぷおたおしててぶるのおえにじゅすがこぼれてしまいました
こていひ	こてえい	こてえひ
この ケーキは おいしそうだ。	このけえきわおいしそおだ	このけきわおいしそおだ
この 書類を コピーしてください。	このしょるいおこぴいしてください	このしょるいおこぴしてください
このアンケートは、二十歳以上の女性を対象に行われました。	このあんけえとわにじゅっさいじょおのじょせえおたいしょおにおこなわれました	このあんけとわにじゅうさいじょおのじょせえおたいしょおにおこなわれました
このインターンシップを足掛かりに、彼女は着実にキャリアを築いていった。	このいんたあんしっぷおあしがかりにかのじょわちゃくじつにきゃりあおきずいてえった	このいんたんしっぷおあしがかりにかのじょわちゃくじつにきゃりあおきずいてえった
このエレベーターは故障することがあります。	このえれべえたあわこしょおすることがあります	このえれべたわこしょおすることがあります
このお店ではケーキが多すぎて、どれを選ぶか迷ってしまう。	このおみせでわけえきがおすぎてどれおえらぶかまよってしまう	このおみせでわけきがおすぎてどれおえらぶかまよってしまう
このカードがあれば、電車にもバスにも乗れます。	このかあどがあればでんしゃにもばすにものれます	このかどがあればでんしゃにもばすにものれます
このカフェは駅に近い上に、Wi-Fi も高速だ。	このかふぇわえきにちかいうえにわいふぁいもこおそくだ	このかふぇわえきにちかいうえにWiFiもこおそくだ
このカレーは辛いです。	このかれえわからいです	このかれわつらいです
このキャンペーンの対象は、当店の会員に限らせていただきます。	このきゃんぺえんのたいしょおわとおてんのかいんにかぎらせてえただきます	このきゃんぺんのたいしょおわとおてんのかいんにかぎらせてえただきます
このクーポンの有効期限は今月末までなので、お早めにご利用ください。	このくうぽんのゆうこおきげんわこんげつまつまでなのでおわやめにごりよおください	このくぽんのゆうこおきげんわこんげつまつまでなのでおわやめにごりよおください
このクーポンは、今月末までのご利用に限ります。	このくうぽんわこんげつまつまでのごりよおにかぎります	このくぽんわこんげつまつまでのごりよおにかぎります
このクーポンは今月末まで有効ですので、お早めにご利用ください。	このくうぽんわこんげつまつまでゆうこおですのでおわやめにごりよおください	このくぽんわこんげつまつまでゆうこおですのでおわやめにごりよおください
このクリームを塗ると、肌が滑らかになると友達に勧められた。	このくりいむおぬるとわだがなめらかになるとともだちにすすめられた	このくりむおぬるとわだがなめらかになるとともだちにすすめられた
このケーキはとてもおいしそうだ。	このけえきわとてもおいしそおだ	このけきわとてもおいしそおだ
このケーキは甘いです。	このけえきわあまいです	このけきわあまいです
このケーキを五人で同じ大きさに分けるのは難しそうです。	このけえきおごにんでおなじおきさにわけるのわむずかしそおです	このけきおごにんでおなじおきさにわけるのわむずかしそおです
このケーブルをテレビに繋げれば、映像が見られますよ。	このけえぶるおてれびにつなげればえぞおがみられますよ	このけぶるおてれびにつなげればえぞおがみられますよ
このコーヒーは苦いので、砂糖を入れます。	このこおひいわにがいのでさとおいれます	このこひわにがいのでさとおいれます
このサービスを使うには、まずメールアドレスを登録する必要があります。	このさあびすおつかうにわまずめえるあどれすおとおろくするひつよおがあります	このさびすおつかうにわまずめるあどれすおとおろくするひつよおがあります
このサービスを利用するには、まずメールアドレスを登録する必要がある。	このさあびすおりよおするにわまずめえるあどれすおとおろくするひつよおがある	このさびすおりよおするにわまずめるあどれすおとおろくするひつよおがある
このジュースは缶より瓶のほうが安く売られている。	このじゅうすわかんよりびんのほおがやすくうられてえる	このじゅすわかんよりびんのほおがやすくうられてえる
このスープはちょっとしょっぱいので、お湯を足しましょう。	このすうぷわちょっとしょっぱいのでおゆおたしましょお	このすぷわちょっとしょっぱいのでおゆおたしましょお
このスープはちょっと塩辛すぎて、全部は飲めませんでした。	このすうぷわちょっとしおからすぎてぜんぶわのめませんでした	このすぷわちょっとしおからすぎてぜんぶわのめませんでした
このスープは味が少し薄いですね。	このすうぷわあじがすこしうすいですね	このすぷわあじがすこしうすいですね
このスープは味が濃厚で、一口飲んだだけでお腹がいっぱいになりそうだ。	このすうぷわあじがのおこおでひとくちのんだだけでおなかがいっぱいになりそおだ	このすぷわあじがのおこおでえちくちのんだだけでおなかがいっぱいになりそおだ
このスープは野菜が中心なので、カロリーが低いです。	このすうぷわやさいがちゅうしんなのでかろりいがひくいです	このすぷわやさいがちゅうしんなのでかろりがひくいです
このセーターは、洗濯するとひと回り縮んでしまった。	このせえたあわせんたくするとひとまわりちじんでしまった	このせたわせんたくするとひとまわりちじんでしまった
このセーターは洗濯機で洗ったら、ひとまわり縮んでしまった。	このせえたあわせんたくきであらったらひとまわりちじんでしまった	このせたわせんたくきであらったらひとまわりちじんでしまった
このセミナーの申込みは、明日までにしてください。	このせみなあのもおしこみわあしたまでにしてください	このせみなのさるこみわあしたまでにしてください
このたびの人事異動で、大阪支社に転勤することになりました。長い間、大変お世話になりました。	このたびのじんじいどおでおさかししゃにてんきんすることになりましたながいあいだたいえんおせわになりました	このたびのじんじいどおでおさかししゃにてんきんすることになりましたながいまたいえんおせわになりました
このチームは、経験豊かな社員と若手の三人で構成されています。	このちいむわけえけんゆたかなしゃいんとわかてのさんにんでこおせえされてえます	このちむわけえけんゆたかなしゃいんとわかてのさんにんでこおせえされてえます
このデータには、名前や年齢などいくつかの属性が含まれている。	このでえたにわなまえやねんれえなどいくつかのぞくせえがふくまれてえる	このでたにわなまえやねんれえなどいくつかのぞくせえがふくまれてえる
このドキュメンタリーは、視聴者に深く考えさせずにはおかない。	このどきゅめんたりいわしちょおしゃにふかくかんがえさせずにわおかない	このどきゅめんたりわしちょおしゃにふかくかんがえさせずにわおかない
このネクタイは、スーツの色によく合います。	このねくたいわすうつのいろによくあいます	このねくたいわすつのいろによくあいます
このバスは定員が四十名なので、それ以上は乗せられません。	このばすわてえんがよんじゅうめえなのでそれえじょおわのせられません	このばすわてえいんがよんじゅうめえなのでそれえじょおわのせられません
このプロジェクトは一人で進めるには量が多すぎます。かといって、人を増やすと予算がオーバーします。そこで、期限を1か月のばすことにしました。	このぷろじぇくとわひとりですすめるにわりょおがおすぎますかといってひとおふやすとよさんがおばあしますそこできげんおいっかげつのばすことにしました	このぷろじぇくとわいちにんですすめるにわりょおがおすぎますかといってひとおふやすとよさんがおばしますそこできげんおかげつのばすことにしました
このボールペンで手紙を書きます。	このぼおるぺんでてがみおかきます	このぼるぺんでてがみおかきます
このホテルのロビーは重厚な雰囲気で、歴史の深さを感じさせる。	このほてるのろびいわじゅうこおなふんいきでれきしのふかさおかんじさせる	このほてるのろびわじゅうこおなふんいきでれきしのふかさおかんじさせる
このラーメンは美味しいです。	このらあめんわおいしいです	このらめんわおいしいです
このレストランは予約でいっぱいです。もし今日食べたいなら、5時前に来ていただければ、席があります。	このれすとらんわよやくでえっぱいですもしきょおたべたいならごじまえにきてえただければせきがあります	このれすとらんわよやくでえっぱいですもしきょおたべたいならじまえにきてえただければせきがあります
このレポートは三つの章から構成されている。	このれぽおとわみっつのしょおからこおせえされてえる	このれぽとわみっつのしょおからこおせえされてえる
この一件は、現代社会が抱える矛盾の断面を如実に映し出している。	このいっけんわげんだいしゃかいがかかえるむじゅんのだんめんおにょじつにうつしだしてえる	このいちけんわげんだいしゃかいがかかえるむじゅんのだんめんおにょじつにうつしだしてえる
この一族は代々、先祖の祭祀を絶やさぬよう受け継いできた。	このいちぞくわだいだいせんぞのさいしおたやさぬよおけついできた	このいちぞくわだいだいせんぞのさいしおたやさぬよおうけついできた
この駅の近くはスーパーも病院もあって、とても便利です。	このえきのちかくわすうぱあもびょおいんもあってとてもべんりです	このえきのちかくわすぱもびょおいんもあってとてもべんりです
この家具は組立が簡単で、工具がなくても一人で完成させられる。	このかぐわくみたてがかんたんでこおぐがなくてもひとりでかんせえさせられる	このかぐわくみたてがかんたんでこおぐがなくてもいちにんでかんせえさせられる
この机は重すぎて、一人ではとても動かせない。	このつくえわおもすぎてひとりでわとてもおごかせない	このつくえわおもすぎてえちにんでわとてもおごかせない
この魚は色がとても美しいのが特徴で、一目でほかの魚と区別できます。	このさかなわいろがとてもおつくしいのがとくちょおでひとめでほかのさかなとくべつできます	このさかなわいろがとてもおつくしいのがとくちょおでえちもくでほかのさかなとくべつできます
この橋の施工は、地元の建設会社が請け負うことになった。	このわしのせこおわじもとのけんせつかいしゃがうけおことになった	このわしのしこおわじもとのけんせつかいしゃがうけおことになった
この空港では、出国する前にパスポートと搭乗券を提示しなければなりません。	このくうこおでわしゅっこくするまえにぱすぽおとととおじょおけんおてえじしなければなりません	このくうこおでわしゅっこくするまえにぱすぽとととおじょおけんおてえじしなければなりません
この件については、担当者が後ほど詳しく説明いたします。	このけんについてわたんとおしゃがのちほどくわしくせつめえたします	このけんについてわたんとおしゃがのちほどくわしくせつめえいたします
この研究には膨大な量のデータを整理する作業が必要だ。	このけんきゅうにわぼおだいなりょおのでえたおせえりするさぎょおがひつよおだ	このけんきゅうにわぼおだいなりょおのでたおせえりするさぎょおがひつよおだ
この研究所は、再生医療の分野で数々の先駆的な成果を上げてきた。	このけんきゅうじょわさいせえりょおのぶんやでかずかずのせんくてきなせえかおあげてきた	このけんきゅうじょわさいせえいりょおのぶんやでかずかずのせんくてきなせえかおあげてきた
この湖の深さは50メートルです。	このみずうみのふかさわごじゅうめえとるです	このみずうみのふかさわめとるです
この公園では、ボール遊びが禁止されています。	このこおえんでわぼおるあそびがきんしされてえます	このこおえんでわぼるあそびがきんしされてえます
この公園の面積は東京ドームの約五倍に相当する。	このこおえんのめんせきわとおきょおどおむのやくごばいにそおとおする	このこおえんのめんせきわとおきょおどむのやくごばいにそおとおする
この工場では、一日に何千台もの自動車を生産しているそうだ。	このこおじょおでわいちにちになんぜんだいものじどおしゃおせえさんしてえるそおだ	このこおじょおでわいちにちになんせんだいものじどおしゃおせえさんしてえるそおだ
この工場の機械は、すべて再生可能エネルギーを動力として稼働している。	このこおじょおのきかいわすべてさいせえかのおえねるぎいおどおりょくとしてかどおしてえる	このこおじょおのきかいわすべてさいせえかのおえねるぎおどおりょくとしてかどおしてえる
この港町は、かつて交易の拠点として大いに栄えていた。	このみなとまちわかつてこおえきのきょてんとしておいにさかえてえた	このみなとちょおわかつてこおえきのきょてんとしておいにさかえてえた
この国の経済は、長い間、石炭を中心とした鉱業に支えられてきました。	このくにのけえざいわながいあいだせきたんおちゅうしんとしたこおぎょおにささえられてきました	このくにのけえざいわながいませきたんおちゅうしんとしたこおぎょおにささえられてきました
この作品のユニークな着想は、日常のふとした瞬間から生まれたという。	このさくひんのゆにいくなちゃくそおわにちじょおのふとしたしゅんかんからうまれたという	このさくひんのゆにくなちゃくそおわにちじょおのふとしたしゅんかんからうまれたという
この雑誌は毎月末に発売され、若い女性の間で絶大な人気を誇っている。	このざっしわまいつきまつにわつばいされわかいじょせえのあいだでぜつだいなにんきおほこってえる	このざっしわまいつきまつにわつばいされわかいじょせえのまでぜつだいなにんきおほこってえる
この仕事量を1人でやるのは大変に違いない。	このしごとりょおひとりでやるのわたいえんにちがいない	このしごとりょおにんでやるのわたいえんにちがいない
この資料は、後でメールで差し上げます。	このしりょおわあとでめえるでさしあげます	このしりょおわあとでめるでさしあげます
この時計は職人が手作業で仕上げた、実に精巧な細工が施されている。	このとけえわしょくにんがてさぎょおでしあげたじつにせえこおなさいくがほどこされてえる	このとけえわしょくにんがてさぎょおでしあげたじつにせえこおなざいくがほどこされてえる
この写真をノートに糊で貼りました。	このしゃしんおのおとにのりでわりました	このしゃしんおのとにのりでわりました
この種の訴訟では、過去の判例が判決を左右する決め手となることが多い。	このしゅのそしょおでわかこのわんれえがわんけつおさゆうするきめてとなることがおい	このたねのそしょおでわかこのわんれえがわんけつおさゆうするきめてとなることがおい
この十年でスマートフォンが急速に普及した。	このじゅうねんですまあとふぉんがきゅうそくにふきゅうした	このじゅうねんですまとふぉんがきゅうそくにふきゅうした
この書類を三枚コピーしてください。	このしょるいおさんまいこぴいしてください	このしょるいおさんまいこぴしてください
この商品の品質は、メーカーが一年間保証しております。	このしょおひんのひんしつわめえかあがいちねんかんほしょおしております	このしょおひんのひんしつわめかがいちねんかんほしょおしております
この小説には、時代に取り残されていく者たちの悲哀が静かに描かれている。	このしょおせつにわじだいにとりのこされてえくものたちのひあいがしずかにえがかれてえる	このしょおせつにわじだいにとりのこされてえくしゃたちのひあいがしずかにえがかれてえる
この城は堅固な石垣に守られ、幾度の戦にも耐えてきた。	このしろわけんごないしがきにまもられえくどのいくさにもたえてきた	このしろわけんごないしがきにまもられえくどのせんにもたえてきた
この条件に該当する方は、速やかに窓口までお申し出ください。	このじょおけんにがいとおするかたわすみやかにまどぐちまでおもおしでください	このじょおけんにがいとおするほおわすみやかにまどぐちまでおもおしでください
この条件に当てはまる方は、期限までに書類を提出してください。	このじょおけんにあてわまるかたわきげんまでにしょるいおてえしゅつしてください	このじょおけんにあてわまるほおわきげんまでにしょるいおてえしゅつしてください
この条件に当てはまる方は、受付で割引を受けられます。	このじょおけんにあてわまるかたわうけつけでわりびきおけられます	このじょおけんにあてわまるほおわうけつけでわりびきおけられます
この図書館で Wi-Fi を使うことができます。	このとしょかんでわいふぁいおつかうことができます	このとしょかんでWiFiおつかうことができます
この製品の品質は、メーカーが一年間保証している。	このせえひんのひんしつわめえかあがいちねんかんほしょおしてえる	このせえひんのひんしつわめかがいちねんかんほしょおしてえる
この製品はテレビ広告の効果もあって、若者の間で一気に知名度が上がった。	このせえひんわてれびこおこくのこおかもあってわかもののあいだでえっきにちめえどがあがった	このせえひんわてれびこおこくのこおかもあってわかもののまでえっきにちめえどがあがった
この地域に見られる河岸段丘は、長い年月をかけた河川の浸食作用の産物にほかならない。	このちいきにみられるかがんだんきゅうわながいとしつきおかけたかせんのしんしょくさよおのさんぶつにほかならない	このちいきにみられるかわぎしだんきゅうわながいとしつきおかけたかせんのしんしょくさよおのさんぶつにほかならない
この地域は昔から米作りが盛んで、おいしいお米が有名です。	このちいきわむかしからこめずくりがさかんでおいしいおこめがゆうめえです	このちいきわむかしからべえずくりがさかんでおいしいおべえがゆうめえです
この地方には、他では味わえない独特な食文化が根づいている。	このちほおにわほかでわあじわえないどくとくなしょくぶんかがねずいてえる	このちほおにわたでわあじわえないどくとくなしょくぶんかがねずいてえる
この地方の料理は、想像していた以上に辛かった。	このちほおのりょおりわそおぞおしてえたいじょおにからかった	このちほおのりょおりわそおぞおしてえたいじょおにつらかった
この地方は冬の寒さが厳しく、殊に山間部では積雪が数メートルに達する。	このちほおわふゆのさむさがきびしくことにさんかんぶでわせきせつがすうめえとるにたっする	このちほおわふゆのさむさがきびしくことにさんかんぶでわせきせつがすうめとるにたっする
この町ではサッカーが盛んです。	このまちでわさっかあがさかんです	このまちでわさっかがさかんです
この調査では、膨大なデータを分析するのに何か月もかかった。	このちょおさでわぼおだいなでえたおぶんせきするのになんかげつもかかった	このちょおさでわぼおだいなでたおぶんせきするのになんかげつもかかった
この庭園には、江戸の職人技の粋が余すところなく凝縮されている。	このてえんにわえどのしょくにんわざのすいがあますところなくぎょおしゅくされてえる	このてえんにわえどのしょくにんわざのいきがあますところなくぎょおしゅくされてえる
この店のケーキは飛び切りおいしいと評判で、いつも行列ができている。	このみせのけえきわとびきりおいしいとひょおばんでえつもぎょおれつができてえる	このみせのけきわとびきりおいしいとひょおばんでえつもぎょおれつができてえる
この店のラーメンは、スープが特別美味しいです。豚骨を十時間以上煮込んで作っています。一杯八百円です。	このみせのらあめんわすうぷがとくべつおいしいですとんこつおじゅうじかんいじょおにこんでつくってえますいっぱいわっぴゃくえんです	このみせのらめんわすぷがとくべつおいしいですぶたぼねおじゅうじかんいじょおにこんでつくってえますいちわいわちひゃくえんです
この店のラーメンは、他では味わえない独特なスープが自慢です。	このみせのらあめんわほかでわあじわえないどくとくなすうぷがじまんです	このみせのらめんわたでわあじわえないどくとくなすぷがじまんです
この店のラーメンは値段の割に本当に旨いと評判だ。	このみせのらあめんわねだんのわりにほんとおにうまいとひょおばんだ	このみせのらめんわねだんのわりにほんとおにうまいとひょおばんだ
この店はイタリアからチーズを輸入しています。	このみせわいたりあからちいずおゆにゅうしてえます	このみせわいたりあからちずおゆにゅうしてえます
この店はカードが使えないので、現金で払いました。	このみせわかあどがつかえないのでげんきんでわらいました	このみせわかどがつかえないのでげんきんでわらいました
この店はラーメンが有名で、いつも行列ができています。	このみせわらあめんがゆうめえでえつもぎょおれつができてえます	このみせわらめんがゆうめえでえつもぎょおれつができてえます
この店は年中無休で、朝九時から営業しております。	このみせわねんじゅうむきゅうであさくじからえぎょおしております	このみせわねんじゅうむきゅうであさきゅうじからえぎょおしております
この道はいつも混んでいますが、朝早い時間なら比較的すいています。ですから、6時ごろ出発するのがおすすめです。	このみちわいつもこんでえますがあさわやいじかんならひかくてきすいてえますですからろくじごろしゅっぱつするのがおすすめです	このみちわいつもこんでえますがあさわやいじかんならひかくてきすいてえますですからじごろしゅっぱつするのがおすすめです
この道は工事のため、しばらくスピードが制限されています。	このみちわこおじのためしばらくすぴいどがせえげんされてえます	このみちわこおじのためしばらくすぴどがせえげんされてえます
この道は工事中です。従って、別のルートで行かなければなりません。	このみちわこおじちゅうですしたがってべつのるうとでえかなければなりません	このみちわこおじちゅうですしたがってべつのるとでえかなければなりません
この二つの出来事の間には、何ら因果関係は認められない。	このふたつのできごとのあいだにわなんらいんがかんけえわみとめられない	このふたつのできごとのまにわなんらいんがかんけえわみとめられない
この二つの製品は名前が紛らわしく、注文の際に間違える客が後を絶たない。	このふたつのせえひんわなまえがまぎらわしくちゅうもんのさいにまちがえるきゃくがあとおたたない	このふたつのせえひんわなまえがまぎらわしくちゅうもんのさいにまちがえるきゃくがごおたたない
この年頃の子どもは、一年で身長が十センチ近く伸びることもある。	このとしごろのこどもわいちねんでしんちょおがじゅっせんちちかくのびることもある	このとしごろのこどもわいちねんでしんちょおがじゅうせんちちかくのびることもある
この箱は見た目より重くて、一人で持ち上げることができなかった。	このわこわみためよりおもくてひとりでもちあげることができなかった	このわこわみためよりおもくてえちにんでもちあげることができなかった
この物質は水にはほとんど溶解しないが、アルコールにはよく溶ける。	このぶっしつわみずにわほとんどよおかいしないがあるこおるにわよくとける	このぶっしつわみずにわほとんどよおかいしないがあるこるにわよくとける
この平たい石は、テーブルの上に置くのにちょうどいいです。	このひらたいしわてえぶるのおえにおくのにちょおどいです	このひらたいしわてぶるのおえにおくのにちょおどいです
この柄のシャツはとてもかわいいですね。	このがらのしゃつわとてもかわいですね	このえのしゃつわとてもかわいですね
この辺りでおいしいラーメン屋を知りませんか。	このあたりでおいしいらあめんやおしりませんか	このあたりでおいしいらめんやおしりませんか
この木はとても太くて、大人二人でも抱えられません。	このきわとてもふとくておとなふたりでもかかえられません	このきわとてもふとくておとなににんでもかかえられません
この問題については、専門家の間でも見解が分かれている。	このもんだいについてわせんもんかのあいだでもけんかいがわかれてえる	このもんだいについてわせんもんかのまでもけんかいがわかれてえる
この問題は、一人で悩まずみんなで解決したほうがいい。	このもんだいわひとりでなやまずみんなでかいけつしたほおがい	このもんだいわいちにんでなやまずみんなでかいけつしたほおがい
この問題は一人では解決できないので、みんなで話し合いましょう。	このもんだいわひとりでわかいけつできないのでみんなでわなしあいましょお	このもんだいわいちにんでわかいけつできないのでみんなでわなしあいましょお
この問題は思ったより厄介で、解決するのに一週間もかかった。	このもんだいわおもったよりやっかいでかいけつするのにいっしゅうかんもかかった	このもんだいわおもったよりやっかいでかいけつするのにいちしゅうかんもかかった
この薬は食事のあとに飲んでください。朝と夜の2回です。昼は飲まなくてもいいです。	このくすりわしょくじのあとにのんでくださいあさとよるのにかいですひるわのまなくてもいです	このくすりわしょくじのあとにのんでくださいあさとよるのかいですひるわのまなくてもいです
この理論からは、応用範囲の広い数多くの概念が派生している。	このりろんからわおよおわんいのひろいかずおくのがいねんがわせえしてえる	このりろんからわおよおわんいのひろいすうおくのがいねんがわせえしてえる
この旅行で、一人でも何とかなるという自信がつきました。	このりょこおでひとりでもなにとかなるというじしんがつきました	このりょこおでえちにんでもなんとかなるというじしんがつきました
この料理、思ったより辛いですね。	このりょおりおもったよりからいですね	このりょおりおもったよりつらいですね
この料理は、甘さと辛さの絶妙なバランスが後を引く。	このりょおりわあまさとからさのぜつみょおなばらんすがあとおひく	このりょおりわあまさとつらさのぜつみょおなばらんすがごおひく
この論文は、データに基づいた緻密な論述で高く評価された。	このろんぶんわでえたにもとずいたちみつなろんじゅつでたかくひょおかされた	このろんぶんわでたにもとずいたちみつなろんじゅつでたかくひょおかされた
この論文を英語から日本語に翻訳するのに一週間かかった。	このろんぶんおえごからにほんごにほんやくするのにいっしゅうかんかかった	このろんぶんおえごからにほんごにほんやくするのにいちしゅうかんかかった
こぴー	こぴい	こぴ
こぴーする	こぴいする	こぴする
コピーやチケットの予約ができる機械もあります。	こぴいやちけっとのよやくができるきかいもあります	こぴやちけっとのよやくができるきかいもあります
コピー機が壊れていました。古いから、いつか倒れそうです。子供が遊んでも壊さないでね、椅子も倒さないように。	こぴいきがこわれてえましたふるいからいつかたおれそおですこどもがあそんでもこわさないでねえすもたおさないよおに	こぴきがこわれてえましたふるいからいつかたおれそおですこどもがあそんでもこわさないでねえすもたおさないよおに
これ、試着できますか？	これしちゃくできますか	これ試きできますか
これを「飲みニケーション」と言う。	これおのみにけえしょんという	これおのみにけしょんという
コンサートの会場は、人でいっぱいでした。	こんさあとのかいじょおわひとでえっぱいでした	こんさとのかいじょおわひとでえっぱいでした
コンサート会場で隣の人に肩をぶつけられた。	こんさあとかいじょおでとなりのひとにかたおぶつけられた	こんさとかいじょおでとなりのひとにかたおぶつけられた
こんぴゅーたー	こんぴゅうたあ	こんぴゅた
ご期待に添えるよう、精一杯努めてまいります。	ごきたいにそえるよおせえっぱいつとめてまいります	ごきたいにそえるよおせえいっぱいつとめてまいります
ご都合については了解しましたので、日程を調整いたします。	ごつごおについてわりょおかいしましたのでにってえおちょおせえたします	ごつごおについてわりょおかいしましたのでにってえおちょおせえいたします
ご都合のよろしい日時をご教示いただけますか。	ごつごおのよろしいにちじおごきょおじいただけますか	ごつごおのよろしいにちじおごきょおしいただけますか
さいきんはパンやコーヒーの朝ごはんもおおいです。	さいきんわぱんやこおひいのあさごわんもおいです	さいきんわぱんやこひのあさごわんもおいです
ざいりゅうカード	ざいりゅうかあど	ざいりゅうかど
さくらはとてもきれいですが、さく期間は一週間ぐらいとみじかいです。	さくらわとてもきれえですがさくきかんわいっしゅうかんぐらいとみじかいです	さくらわとてもきれえですがさくきかんわいちしゅうかんぐらいとみじかいです
さすが一流ホテルだけのことはある。サービスが段違いだ。	さすがいちりゅうほてるだけのことわあるさあびすがだんちがいだ	さすがいちりゅうほてるだけのことわあるさびすがだんちがいだ
さっかー	さっかあ	さっか
サッカーの試合で足に怪我をしました。	さっかあのしあいであしにけがおしました	さっかのしあいであしにけがおしました
サッカーの試合中に足首を捻挫して、歩けなくなってしまった。	さっかあのしあいちゅうにあしくびおねんざしてあるけなくなってしまった	さっかのしあいちゅうにあしくびおねんざしてあるけなくなってしまった
さらりーまん	さらりいまん	さらりまん
ジェットコースターが急降下すると、乗客たちは一斉に絶叫した。	じぇっとこおすたあがきゅうこおかするとじょおきゃくたちわいっせえにぜっきょおした	じぇっとこすたがきゅうこおかするとじょおきゃくたちわいっせえにぜっきょおした
しかし、便利さのうらには、二十四時間はたらく人の苦労や、食品ロスなどの問題もかくれている。	しかしべんりさのおらにわにじゅうよじかんわたらくひとのくろおやしょくひんろすなどのもんだいもかくれてえる	しかしべんりさのおらにわにじゅうよんじかんわたらくひとのくろおやしょくひんろすなどのもんだいもかくれてえる
しかしさいきんのわかい人の中には、しごととプライベートをきちんと分けたいと考える人もふえている。	しかしさいきんのわかいひとのなかにわしごととぷらいべえとおきちんとわけたいとかんがえるひともふえてえる	しかしさいきんのわかいひとのなかにわしごととぷらいべとおきちんとわけたいとかんがえるひともふえてえる
しごとは九時からです。	しごとわくじからです	しごとわきゅうじからです
ジムに入会したものの、忙しくて一度しか行っていない。	じむににゅうかいしたもののいそがしくてえちどしかいってえない	じむににゅうかいしたもののいそがしくてえちどしかおこなってえない
じゃがいもをよく茹でてから、フォークで潰してください。	じゃがいもおよくゆでてからふぉおくでつぶしてください	じゃがいもおよくゆでてからふぉくでつぶしてください
シャツの柄と模様は色々ですが、ネイビーが一番好きです。	しゃつのえともよおわいろいろですがねえびいがいちばんすきです	しゃつのえともよおわいろいろですがねえびがいちばんすきです
しゃわー	しゃわあ	しゃわ
シャワーを浴びて、服を着て、出かけます。	しゃわあおあびてふくおきてでかけます	しゃわおあびてふくおきてでかけます
シャワーを浴びていたら、急にいいアイデアが頭に浮かんだ。	しゃわあおあびてえたらきゅうにいあいであがあたまにうかんだ	しゃわおあびてえたらきゅうにいあいであがあたまにうかんだ
シャワーを浴びている間に、電話が鳴っていた。	しゃわあおあびてえるあいだにでんわがなってえた	しゃわおあびてえるまにでんわがなってえた
シャワーを浴びてすっきりした。	しゃわあおあびてすっきりした	しゃわおあびてすっきりした
じゅーす	じゅうす	じゅす
すーつ	すうつ	すつ
すーぱー	すうぱあ	すぱ
スーパーで野菜を買います。	すうぱあでやさいおかいます	すぱでやさいおかいます
スーパーで卵と牛乳を買います。	すうぱあでたまごとぎゅうにゅうおかいます	すぱでたまごとぎゅうにゅうおかいます
すかーと	すかあと	すかと
スピードに関する議論にかけては、彼が社内一だ。	すぴいどにかんするぎろんにかけてわかれがしゃないちだ	すぴどにかんするぎろんにかけてわかれがしゃないちだ
すぷーん	すぷうん	すぷん
スプーンでスープを飲みます。	すぷうんですうぷおのみます	すぷんですぷおのみます
すべての国民は法の下に平等であると憲法に定められている。	すべてのこくみんわほおのもとにびょおどおであるとけんぽおにさだめられてえる	すべてのこくみんわほおのしたにびょおどおであるとけんぽおにさだめられてえる
すぽーつ	すぽおつ	すぽつ
スポーツも好きで、友達とサッカーとテニスをします。	すぽおつもすきでともだちとさっかあとてにすおします	すぽつもすきでともだちとさっかとてにすおします
スマートフォンのゲームは、思っている以上に電池を消費してしまう。	すまあとふぉんのげえむわおもってえるいじょおにでんちおしょおひしてしまう	すまとふぉんのげむわおもってえるいじょおにでんちおしょおひしてしまう
スマートフォンの急速な普及は、人々の生活様式を一変させた。	すまあとふぉんのきゅうそくなふきゅうわひとびとのせえかつよおしきおいっぺんさせた	すまとふぉんのきゅうそくなふきゅうわひとびとのせえかつよおしきおいっぺんさせた
スマートフォンの普及によって、私たちはいつでもどこでも膨大な情報に触れられるようになった。	すまあとふぉんのふきゅうによってわたしたちわいつでもどこでもぼおだいなじょおほおにふれられるよおになった	すまとふぉんのふきゅうによってわたしたちわいつでもどこでもぼおだいなじょおほおにふれられるよおになった
スマートフォンの普及によって、人々の生活は大きく変わった。	すまあとふぉんのふきゅうによってひとびとのせえかつわおきくかわった	すまとふぉんのふきゅうによってひとびとのせえかつわおきくかわった
スマートフォンの普及により、ネット通販の利用者が急増した。	すまあとふぉんのふきゅうによりねっとつうわんのりよおしゃがきゅうぞおした	すまとふぉんのふきゅうによりねっとつうわんのりよおしゃがきゅうぞおした
すみません、コピー機の使い方を教えていただけませんか。	すみませんこぴいきのつかいかたおしえてえただけませんか	すみませんこぴきのつかいかたおしえてえただけませんか
すみません、メニューを見せていただけますか。	すみませんめにゅうおみせてえただけますか	すみませんめにゅおみせてえただけますか
すみません、注文したコーヒーがまだ来ないのですが。あ、こちらのミスで、となりの席に出してしまったようです。すぐにお持ちします。	すみませんちゅうもんしたこおひいがまだこないのですがあこちらのみすでとなりのせきにだしてしまったよおですすぐにおもちします	すみませんちゅうもんしたこひがまだこないのですがあこちらのみすでとなりのせきにだしてしまったよおですすぐにおもちします
すむーず	すむうず	すむず
せーたー	せえたあ	せた
セール中の家具を買い物して、低いテーブルを選びました。結婚式の歌も少し練習しています。	せえるちゅうのかぐおかいものしてひくいてえぶるおえらびましたけっこんしきのおたもすこしれんしゅうしてえます	せるちゅうのかぐおかいものしてひくいてぶるおえらびましたけっこんしきのおたもすこしれんしゅうしてえます
せっかく休みを取ったのに、朝から雨で一日中家に閉じこもっていた。	せっかくやすみおとったのにあさからあめでえちにちじゅういえにとじこもってえた	せっかくやすみおとったのにあさからあめでえちにちじゅうかにとじこもってえた
せつじょく	せつじよく	せつじょく
ゼリーは冷蔵庫で二時間ほど冷やすと、ちょうどよく固まります。	ぜりいわれえぞおこでにじかんほどひやすとちょおどよくかたまります	ぜりわれえぞおこでにじかんほどひやすとちょおどよくかたまります
ぜんぶで三百円ぐらいです。	ぜんぶでさんびゃくえんぐらいです	ぜんぶでさんひゃくえんぐらいです
そのケーキは姉が焼きました。	そのけえきわあねがやきました	そのけきわあねがやきました
その一方で、世界には十分な食事をとれない人々が大勢いる。	そのいっぽおでせかいにわじゅうぶんなしょくじおとれないひとびとがおぜえる	そのいっぽおでせかいにわじゅうぶんなしょくじおとれないひとびとがたいせえいる
その映画は公開されてすぐに、若い人の間で話題になった。	そのえがわこおかいされてすぐにわかいひとのあいだでわだいになった	そのえがわこおかいされてすぐにわかいひとのまでわだいになった
その映画は公開前から、若者の間で大きな話題になっている。	そのえがわこおかいまえからわかもののあいだでおきなわだいになってえる	そのえがわこおかいまえからわかもののまでおきなわだいになってえる
その学者は従来の定説に異を唱え、新たな仮説を提唱した。	そのがくしゃわじゅうらいのてえせつにいおとなえあらたなかせつおてえしょおした	そのがくしゃわじゅうらいのてえせつにことおとなえあらたなかせつおてえしょおした
その競走馬は名馬の血統を受け継いでおり、デビュー前から大いに期待されていた。	そのきょおそおばわめえばのけっとおけついでおりでびゅうまえからおいにきたいされてえた	そのきょおそおばわめえばのけっとおけついでおりでびゅまえからおいにきたいされてえた
その広告は「業界No.1の実績」を謳っているが、根拠は極めて曖昧だ。	そのこおこくわぎょおかいなんばあいちのじっせきおたってえるがこんきょわきわめてあいまいだ	そのこおこくわぎょおかいNo.のじっせきおたってえるがこんきょわきわめてあいまいだ
その斬新な広告は予想をはるかに超える反響を呼び、瞬く間に話題をさらった。	そのざんしんなこおこくわよそおわるかにこえるわんきょおよびまたたくまにわだいおさらった	そのざんしんなこおこくわよそおわるかにこえるわんきょおよびまばたくまにわだいおさらった
その試合は今夜九時から全国に放送されるそうです。	そのしあいわこんやくじからぜんこくにほおそおされるそおです	そのしあいわこんやきゅうじからぜんこくにほおそおされるそおです
その事件のニュースを見て、とても驚きました。	そのじけんのにゅうすおみてとてもおどろきました	そのじけんのにゅすおみてとてもおどろきました
その事故のことは、ニュースを見て初めて知りました。	そのじこのことわにゅうすおみてわじめてしりました	そのじこのことわにゅすおみてわじめてしりました
その修行僧は、俗世の誘惑を断ち、徹底して禁欲的な生活を貫いた。	そのしゅぎょおそおわぞくせのゆうわくおたちてってえしてきんよくてきなせえかつおつらぬいた	そのしゅぎょおそおわぞくせえのゆうわくおたちてってえしてきんよくてきなせえかつおつらぬいた
その僧侶は厳しい戒律を守り、俗世との関わりを断っている。	そのそおりょわきびしいかいりつおまもりぞくせとのかかわりおたってえる	そのそおりょわきびしいかいりつおまもりぞくせえとのかかわりおことわってえる
その調査結果の信頼性については、専門家の間でも疑問の声が上がっている。	そのちょおさけっかのしんらいせえについてわせんもんかのあいだでもぎもんのこえがあがってえる	そのちょおさけっかのしんらいせえについてわせんもんかのまでもぎもんのこえがあがってえる
その土地の文化やルールを尊重してこそ、観光は旅行者と住民の双方にとって、豊かなものになるのではないだろうか。	そのとちのぶんかやるうるおそんちょおしてこそかんこおわりょこおしゃとじゅうみんのそおほおにとってゆたかなものになるのでわないだろおか	そのとちのぶんかやるるおそんちょおしてこそかんこおわりょこおしゃとじゅうみんのそおほおにとってゆたかなものになるのでわないだろおか
その日は偶々休みだったので、彼を手伝ってあげられました。	そのひわたまたまやすみだったのでかれおてつだってあげられました	そのひわ偶々やすみだったのでかれおてつだってあげられました
それぞれの民族には、他では見られない固有の文化がある。	それぞれのみんぞくにわほかでわみられないこゆうのぶんかがある	それぞれのみんぞくにわたでわみられないこゆうのぶんかがある
そんな高難度の試験、一発で受かりっこない。	そんなこおなんどのしけんいっぱつでうかりっこない	そんなこおなんどのしけんいちわつでうかりっこない
ダイエット中なので、大好きなケーキを食べたい気持ちを我慢しています。	だいえっとちゅうなのでだいすきなけえきおたべたいきもちおがまんしてえます	だいえっとちゅうなのでだいすきなけきおたべたいきもちおがまんしてえます
ダイエット中なのについケーキを食べた。	だいえっとちゅうなのについけえきおたべた	だいえっとちゅうなのについけきおたべた
タオルを元の場所に戻して、洗濯物も棚に戻ります。	たおるおもとのばしょにもどしてせんたくものもたなにもどります	たおるおもとのばしょにもどしてせんたくぶつもたなにもどります
たかが一回のテストで、そんなに落ち込まないほうがいいよ。	たかがいっかいのてすとでそんなにおちこまないほおがいよ	たかがいちかいのてすとでそんなにおちこまないほおがいよ
たくしー	たくしい	たくし
タクシーで来ました。	たくしいできました	たくしできました
たこ焼きは大阪の有名な食べ物です。小麦粉の中にたこを入れて、丸く焼きます。ソースとマヨネーズをかけて食べます。	たこやきわおさかのゆうめえなたべものですこむぎこのなかにたこおいれてまるくやきますそおすとまよねえずおかけてたべます	たこやきわおさかのゆうめえなたべものですこむぎこのなかにたこおいれてまるくやきますそすとまよねずおかけてたべます
ただ、ばしょとりやゴミのもんだいもあるので、マナーをまもることが大切です。	ただばしょとりやごみのもんだいもあるのでまなあおまもることがたいせつです	ただばしょとりやごみのもんだいもあるのでまなおまもることがたいせつです
ただいまより、避難訓練を開始します。社員の皆様は、エレベーターを使わず、階段で1階までお降りください。	ただいまよりひなんくんれんおかいししますしゃいんのみなさまわえれべえたあおつかわずかいだんでえっかいまでおりください	ただいまよりひなんくんれんおかいししますしゃいんのみなさまわえれべたおつかわずかいだんでかいまでおりください
たとえ～ても	たとえても	たとえ～ても
たとえば、会議で全員が賛成している中、一人だけ反対意見を言うのは勇気がいる。	たとえばかいぎでぜんいんがさんせえしてえるなかひとりだけわんたいけんおいうのわゆうきがいる	たとえばかいぎでぜんいんがさんせえしてえるなかいちにんだけわんたいけんおいうのわゆうきがいる
たとえば、道が観光客であふれて住民が通れなくなったり、ゴミやマナー違反が増えたりする。	たとえばみちがかんこおきゃくであふれてじゅうみんがとおれなくなったりごみやまなあいわんがふえたりする	たとえばみちがかんこおきゃくであふれてじゅうみんがとおれなくなったりごみやまないわんがふえたりする
チームでいちばん若い。	ちいむでえちばんわかい	ちむでえちばんわかい
チームで働くうえで、おたがいの信頼を築くための、基本的なコミュニケーションなのである。	ちいむでわたらくうえでおたがいのしんらいおきずくためのきほんてきなこみゅにけえしょんなのである	ちむでわたらくうえでおたがいのしんらいおきずくためのきほんてきなこみゅにけしょんなのである
チームで働くには、互いに助け合うことが欠かせません。	ちいむでわたらくにわたがいにたすけあうことがかかせません	ちむでわたらくにわたがいにたすけあうことがかかせません
チームの一員として、それぞれが自分の役割を果たすことが求められる。	ちいむのいちいんとしてそれぞれがじぶんのやくわりおわたすことがもとめられる	ちむのいちいんとしてそれぞれがじぶんのやくわりおわたすことがもとめられる
チームの中でそれぞれが自分の役割をきちんと果たすことが大切だ。	ちいむのなかでそれぞれがじぶんのやくわりおきちんとわたすことがたいせつだ	ちむのなかでそれぞれがじぶんのやくわりおきちんとわたすことがたいせつだ
チームは決勝で勝ち、初めて優勝を獲得することができた。	ちいむわけっしょおでかちわじめてゆうしょおかくとくすることができた	ちむわけっしょおでかちわじめてゆうしょおかくとくすることができた
チームは優勝を目指し、来月から一か月にわたる海外遠征に出発する。	ちいむわゆうしょおめざしらいげつからいっかげつにわたるかいがいえんせえにしゅっぱつする	ちむわゆうしょおめざしらいげつからいちかげつにわたるかいがいえんせえにしゅっぱつする
チームをまとめるには、監督の指導力が欠かせない。	ちいむおまとめるにわかんとくのしどおりょくがかかせない	ちむおまとめるにわかんとくのしどおりょくがかかせない
チーム全員が同じ目標を共有することで、作業の効率は格段に上がった。	ちいむぜんいんがおなじもくひょおきょおゆうすることでさぎょおのこおりつわかくだんにあがった	ちむぜんいんがおなじもくひょおきょおゆうすることでさぎょおのこおりつわかくだんにあがった
チーム全員で努力した成果が、今回の受賞という形で表れた。	ちいむぜんいんでどりょくしたせえかがこんかいのじゅしょおというかたちであらわれた	ちむぜんいんでどりょくしたせえかがこんかいのじゅしょおというかたちであらわれた
チーム全員の努力のおかげで、今年度の売上目標を無事に達成することができました。	ちいむぜんいんのどりょくのおかげでこんねんどのおりあげもくひょおぶじにたっせえすることができました	ちむぜんいんのどりょくのおかげでこんねんどのおりあげもくひょおぶじにたっせえすることができました
チョコレートが好きです。	ちょこれえとがすきです	ちょこれとがすきです
ちょっとした誤解が原因で、二人の関係はぎくしゃくしてしまった。	ちょっとしたごかいがげんいんでふたりのかんけえわぎくしゃくしてしまった	ちょっとしたごかいがげんいんでににんのかんけえわぎくしゃくしてしまった
つかう	つかあ	つかう
つまらない意地の張り合いで、両者とも面子にこだわりすぎている。	つまらないじのわりあいでりょおしゃともめんつにこだわりすぎてえる	つまらないじのわりあいでりょおしゃともめんこにこだわりすぎてえる
てぃーしゃつ	てぃいしゃつ	てぃしゃつ
でーた	でえた	でた
データは月に何ギガ使えますか？	でえたわつきになんぎがつかえますか	でたわつきになんぎがつかえますか
データベースには各利用者の年齢や性別といった属性が記録されている。	でえたべえすにわかくりよおしゃのねんれえやせえべつといったぞくせえがきろくされてえる	でたべすにわかくりよおしゃのねんれえやせえべつといったぞくせえがきろくされてえる
データをグラフに落とし込めば、両者の格差は一目瞭然となるだろう。	でえたおぐらふにおとしこめばりょおしゃのかくさわいちもくりょおぜんとなるだろお	でたおぐらふにおとしこめばりょおしゃのかくさわいちもくりょおぜんとなるだろお
データを示しながら話すと、説明に説得力が出る。	でえたおしめしながらわなすとせつめえにせっとくりょくがでる	でたおしめしながらわなすとせつめえにせっとくりょくがでる
データを集める係も、社員全員が集まる定例会の運営も、私の担当です。	でえたおあつめるかかりもしゃいんぜんいんがあつまるてえれえかいのおんえもわたしのたんとおです	でたおあつめるかかりもしゃいんぜんいんがあつまるてえれえかいのおんえもわたしのたんとおです
データを集計しているところだ。	でえたおしゅうけえしてえるところだ	でたおしゅうけえしてえるところだ
データを詳しく分析した結果、両者の因果関係が明らかになった。	でえたおくわしくぶんせきしたけっかりょおしゃのいんがかんけえがあきらかになった	でたおくわしくぶんせきしたけっかりょおしゃのいんがかんけえがあきらかになった
データを詳細に分析した結果、売上減少の原因が明らかになった。	でえたおしょおさいにぶんせきしたけっかうりあげげんしょおのげんいんがあきらかになった	でたおしょおさいにぶんせきしたけっかうりあげげんしょおのげんいんがあきらかになった
データを都合よく切り取って自説を裏づける彼の主張は、我田引水の感が否めない。	でえたおつごおよくきりとってじせつおらずけるかれのしゅちょおわがでんいんすいのかんがいなめない	でたおつごおよくきりとってじせつおらずけるかれのしゅちょおわがでんいんすいのかんがいなめない
てーぶる	てえぶる	てぶる
テーブルが汚れているので、布で拭いてください。	てえぶるがよごれてえるのでぬのでふいてください	てぶるがよごれてえるのでぬのでふいてください
テーブルにお皿を並べてください。	てえぶるにおさらおならべてください	てぶるにおさらおならべてください
テーブルの上には、写真と花、それから時計を入れる小さな箱があります。財布もここに置いてあります。	てえぶるのおえにわしゃしんとわなそれからとけえおいれるちいさなわこがありますさいふもここにおいてあります	てぶるのおえにわしゃしんとわなそれからとけえおいれるちいさなわこがありますさいふもここにおいてあります
テーブルの上に料理を並べます。	てえぶるのおえにりょおりおならべます	てぶるのおえにりょおりおならべます
テーブルは丸い形です。	てえぶるわまるいかたちです	てぶるわまるいかたちです
できたてのラーメンから湯気が立ちのぼっていて、とてもおいしそうです。	できたてのらあめんからゆげがたちのぼってえてとてもおいしそおです	できたてのらめんからゆげがたちのぼってえてとてもおいしそおです
でぱーと	でぱあと	でぱと
デパートでかばんを買いました。	でぱあとでかばんおかいました	でぱとでかばんおかいました
デパートで洋服を買いました。	でぱあとでよおふくおかいました	でぱとでよおふくおかいました
デビュー以来、彼女は数え切れないほどの舞台に立ってきた。	でびゅういらいかのじょわかぞえきれないほどのぶたいにたってきた	でびゅいらいかのじょわかぞえきれないほどのぶたいにたってきた
テレワークのふきゅうによって、はたらく場所や時間のじゆうどが高まった一方で、しごとと生活の境目があいまいになるという課題も生まれた。	てれわあくのふきゅうによってわたらくばしょやじかんのじゆうどがたかまったいっぽおでしごととせえかつのさかいめがあいまいになるというかだいもおまれた	てれわくのふきゅうによってわたらくばしょやじかんのじゆうどがたかまったいっぽおでしごととせえかつのさかいめがあいまいになるというかだいもおまれた
ドアが開いて、お客様が来ました。コーヒーを淹れて、カップを机に置きました。	どあがひらいておきゃくさまがきましたこおひいおいれてかっぷおつくえにおきました	どあがひらいておきゃくさまがきましたこひお淹れてかっぷおつくえにおきました
とうとう試験まで残り1ヶ月、やがて結果も出ます。	とおとおしけんまでのこりいっかげつやがてけっかもでます	とおとおしけんまでのこりかげつやがてけっかもでます
とちゅうに川があって、はしをわたります。	とちゅうにかわがあってわしおわたります	とちゅうにがわがあってわしおわたります
どちらの案も甲乙つけがたいが、強いて言えば前者のほうが現実的だろう。	どちらのあんもこおつつけがたいがしいてえばぜんしゃのほおがげんじつてきだろお	どちらのあんもこおつつけがたいがつよいてえばぜんしゃのほおがげんじつてきだろお
ドナーが現れ、ようやく心臓の移植手術が現実味を帯びてきた。	どなあがあらわれよおやくしんぞおのいしょくしゅじゅつがげんじつみおびてきた	どながあらわれよおやくしんぞおのいしょくしゅじゅつがげんじつみおびてきた
とりあえず生ビールください。	とりあえずなまびいるください	とりあえずなまびるください
どれほど困窮しても、職人としての矜持だけは決して捨てなかった。	どれほどこんきゅうしてもしょくにんとしてのきょおじだけわけっしてすてなかった	どれほどこんきゅうしてもしょくにんとしてのきんじだけわけっしてすてなかった
どんなに～ても	どんなにても	どんなに～ても
どんなに急いでも、一日に読めるのは精々三十ページくらいだ。	どんなにいそいでもいちにちによめるのわせえぜえさんじゅっぺえじくらいだ	どんなにいそいでもいちにちによめるのわせえ々さんじゅうぺじくらいだ
どんなに急いでも、完成するのは精々来週の半ばだろう。	どんなにいそいでもかんせえするのわせえぜえらいしゅうのなかばだろお	どんなにいそいでもかんせえするのわせえ々らいしゅうのなかばだろお
どんなに苦しくても、笑う門には福来たると信じて明るく振る舞ってきた。	どんなにくるしくてもわらうかどにわふくきたるとしんじてあかるくふるまってきた	どんなにくるしくてもわらうもんにわふくらいたるとしんじてあかるくふるまってきた
どんなに有能な人でも、一人でできることには限りがある。	どんなにゆうのおなひとでもひとりでできることにわかぎりがある	どんなにゆうのおなひとでもいちにんでできることにわかぎりがある
どんな大帝国もいつかは滅びる。盛者必衰とはよく言ったものだ。	どんなたいてえこくもいつかわほろびるじょおしゃひっすいとわよくいったものだ	どんなたいてえこくもいつかわほろびるじょおしゃ必衰とわよくいったものだ
どんな道を選ぶにせよ、自分の人生に悔いを残さないよう精一杯生きたい。	どんなみちおえらぶにせよじぶんのじんせえにくいおのこさないよおせえっぱいきたい	どんなみちおえらぶにせよじぶんのじんせえにくいおのこさないよおせえいっぱいきたい
にゅーす	にゅうす	にゅす
ニュースを調べて、他のお店と比べて、いいサービスを試してみたいです。	にゅうすおしらべてたのおみせとくらべてえいさあびすおためしてみたいです	にゅすおしらべてたのおみせとくらべてえいさびすおためしてみたいです
ニュースを聞いて、新聞を読みました。	にゅうすおきいてしんぶんおよみました	にゅすおきいてしんぶんおよみました
のーと	のおと	のと
ノートに一つ、二つ、三つ、四つと書いていきます。	のおとにひとつふたつみっつよっつとかいてえきます	のとにひとつふたつみっつよっつとかいてえきます
ノートに鉛筆とペンとボールペンで書いていて、間違えたら消しゴムを使います。	のおとにえんぴつとぺんとぼおるぺんでかいてえてまちがえたらけしごむおつかいます	のとにえんぴつとぺんとぼるぺんでかいてえてまちがえたらけしごむおつかいます
ノートに今日の予定を書きました。	のおとにきょおのよてえおかきました	のとにきょおのよてえおかきました
ノートに名前を書いてください。	のおとになまえおかいてください	のとになまえおかいてください
ノートを電車に忘れてしまいました。	のおとおでんしゃにわすれてしまいました	のとおでんしゃにわすれてしまいました
は	かなわ	わ
ぱーてぃー	ぱあてぃい	ぱてぃ
パーティーが終わっても、料理がまだたくさん残っていた。	ぱあてぃいがおわってもりょおりがまだたくさんのこってえた	ぱてぃがおわってもりょおりがまだたくさんのこってえた
パーティーに参加できるかどうかまだ決まっていません。	ぱあてぃいにさんかできるかどおかまだきまってえません	ぱてぃにさんかできるかどおかまだきまってえません
パーティーはとても楽しいです。	ぱあてぃいわとてもたのしいです	ぱてぃわとてもたのしいです
パーティー会場は華やかな飾りつけで、まるで別世界のようだった。	ぱあてぃいかいじょおわわなやかなかざりつけでまるでべっせかいのよおだった	ぱてぃかいじょおわわなやかなかざりつけでまるでべっせかいのよおだった
ハーブの葉に触ると、いい香り。風が吹いて、お茶を吸って一服、深呼吸。	わあぶのわにさわるといかおりかぜがふいておちゃおすってえっぷくしんこきゅう	わぶのわにさわるといかおりかぜがふいておちゃおすってえっぷくしんこきゅう
ハイデガーの存在論は、現代哲学に多大な影響を与えた。彼は「存在」という根本問題を問い直し、人間の在り方を時間性の観点から捉え直した。その思索は、文学や芸術の分野にまで波及している。	わいでがあのそんざいろんわげんだいてつがくにただいなえきょおあたえたかれわそんざいというこんぽんもんだいおといなおしにんげんのありかたおじかんせえのかんてんからとらえなおしたそのしさくわぶんがくやげえじゅつのぶんやにまでわきゅうしてえる	わいでがのそんざいろんわげんだいてつがくにただいなえきょおあたえたかれわそんざいというこんぽんもんだいおといなおしにんげんのありかたおじかんせえのかんてんからとらえなおしたそのしさくわぶんがくやげえじゅつのぶんやにまでわきゅうしてえる
はがき	かなわがき	わがき
はく	かなわく	わく
パクチーを食べたことがありません。	ぱくちいおたべたことがありません	ぱくちおたべたことがありません
はこ	かなわこ	わこ
バスがなかなか来なくて、三十分も待ちました。	ばすがなかなかこなくてさんじゅっぷんもまちました	ばすがなかなかこなくてさんじゅうふんもまちました
バスの中では、老人や体の不自由な方に席をゆずりましょう。	ばすのなかでわろおじんやからだのふじゆうなかたにせきおゆずりましょお	ばすのなかでわろおじんやからだのふじゆうなほおにせきおゆずりましょお
バスは9時に出発するので、遅れないでください。	ばすわくじにしゅっぱつするのでおくれないでください	ばすわじにしゅっぱつするのでおくれないでください
ぱすぽーと	ぱすぽおと	ぱすぽと
パスポートをお願いします。	ぱすぽおとおねがいします	ぱすぽとおねがいします
パスポートを見せてください。	ぱすぽおとおみせてください	ぱすぽとおみせてください
パスワードは、他人に推測されにくいものに設定したほうがいいですよ。	ぱすわあどわたにんにすいそくされにくいものにせってえしたほおがいですよ	ぱすわどわたにんにすいそくされにくいものにせってえしたほおがいですよ
パスワードを三回間違えると、このカードは無効になってしまいます。	ぱすわあどおさんかいまちがえるとこのかあどわむこおになってしまいます	ぱすわどおさんかいまちがえるとこのかどわむこおになってしまいます
パソコンが壊れる前に、データを保存しておいたほうがいいです。	ぱそこんがこわれるまえにでえたおほぞんしておいたほおがいです	ぱそこんがこわれるまえにでたおほぞんしておいたほおがいです
バターを弱火でゆっくり溶かしてから、小麦粉を加えるのがこつだ。	ばたあおよわびでゆっくりとかしてからこむぎこおくわえるのがこつだ	ばたおよわびでゆっくりとかしてからこむぎこおくわえるのがこつだ
はな	かなわな	わな
パラグライダーに挑戦したことがある。	ぱらぐらいだあにちょおせんしたことがある	ぱらぐらいだにちょおせんしたことがある
パリに滞在している間に、たくさんの芸術作品に触れることができた。	ぱりにたいざいしてえるあいだにたくさんのげえじゅつさくひんにふれることができた	ぱりにたいざいしてえるまにたくさんのげえじゅつさくひんにふれることができた
パンデミックにあって、多くの企業がリモートワークを導入した。	ぱんでみっくにあっておくのきぎょおがりもおとわあくおどおにゅうした	ぱんでみっくにあっておくのきぎょおがりもとわくおどおにゅうした
パンとコーヒーの朝ごはんも人気ですが、わたしはやっぱりごはんとみそしるが好きです。	ぱんとこおひいのあさごわんもにんきですがわたしわやっぱりごわんとみそしるがすきです	ぱんとこひのあさごわんもにんきですがわたしわやっぱりごわんとみそしるがすきです
パンもケーキも好きです。	ぱんもけえきもすきです	ぱんもけきもすきです
ピタゴラスの定理を用いれば、この三角形の辺の長さが求められる。	ぴたごらすのてえりおもちいればこのさんかっけえのえんのながさがもとめられる	ぴたごらすのてえりおもちいればこのさんかっけえのあたりのながさがもとめられる
ピッチャーが投げたボールは、想像以上に速かった。	ぴっちゃあがなげたぼおるわそおぞおいじょおにわやかった	ぴっちゃがなげたぼるわそおぞおいじょおにわやかった
ヒトの細胞には、通常四十六本の染色体が含まれている。	ひとのさいぼおにわつうじょおよんじゅうろっぽんのせんしょくたいがふくまれてえる	ひとのさいぼおにわつうじょおよんじゅうろくほんのせんしょくたいがふくまれてえる
ぷーる	ぷうる	ぷる
ふぉーく	ふぉおく	ふぉく
フォークでケーキを食べます。	ふぉおくでけえきおたべます	ふぉくでけきおたべます
ふと、雨の音が聞こえてきました。本を開いて、ページをめくります。	ふとあめのおとがきこえてきましたほんおひらいてぺえじおめくります	ふとあめのおとがきこえてきましたほんおひらいてぺじおめくります
プラスチックごみによる海洋汚染が深刻な問題になっています。世界では毎年八百万トンのプラスチックが海に流れ込んでいると言われています。私たち一人一人がレジ袋やストローの使用を減らすことが大切です。	ぷらすちっくごみによるかいよおせんがしんこくなもんだいになってえますせかいでわまいとしわっぴゃくまんとんのぷらすちっくがうみにながれこんでえるといわれてえますわたしたちひとりひとりがれじぶくろやすとろおのしよおえらすことがたいせつです	ぷらすちっくごみによるかいよおせんがしんこくなもんだいになってえますせかいでわまいとしわちひゃくまんとんのぷらすちっくがうみにながれこんでえるといわれてえますわたしたちいちにんいちにんがれじぶくろやすとろのしよおえらすことがたいせつです
ブレーキが間に合い、崖から転落するところを危機一髪で免れた。	ぶれえきがまにあいがけからてんらくするところおききいっぱつでまぬかれた	ぶれきがまにあいがけからてんらくするところおききいっぱつでまぬかれた
ぺーじ	ぺえじ	ぺじ
ペースメーカーなどに影響するかもしれないからです。	ぺえすめえかあなどにえきょおするかもしれないからです	ぺすめかなどにえきょおするかもしれないからです
ポイントカードはお持ちですか？	ぽいんとかあどわおもちですか	ぽいんとかどわおもちですか
ぼーる	ぼおる	ぼる
ボールが九つあります。	ぼおるがここのつあります	ぼるがここのつあります
ぼーるぺん	ぼおるぺん	ぼるぺん
ボタンを押した。すると、画面に突然エラーが表示された。	ぼたんおしたするとがめんにとつぜんえらあがひょおじされた	ぼたんおしたするとがめんにとつぜんえらがひょおじされた
ホットコーヒーのMサイズください。	ほっとこおひいのえむさいずください	ほっとこひのMさいずください
ホテルにはプールがあって、エレベーターを使うか階段で上に行きます。	ほてるにわぷうるがあってえれべえたあおつかうかかいだんでうえにいきます	ほてるにわぷるがあってえれべたおつかうかかいだんでうえにいきます
また、寝る前にスマートフォンを見るのはできるだけ避けたほうがよいです。	またねるまえにすまあとふぉんおみるのわできるだけさけたほおがよいです	またねるまえにすまとふぉんおみるのわできるだけさけたほおがよいです
みんなが気持ちよく使えるように、図書館のルールを守ってください。	みんながきもちよくつかえるよおにとしょかんのるうるおまもってください	みんながきもちよくつかえるよおにとしょかんのるるおまもってください
みんなで少しずつお金を出せば、一人の負担は軽くなる。	みんなですこしずつおかねおだせばひとりのふたんわかるくなる	みんなですこしずつおかねおだせばいちにんのふたんわかるくなる
メールで、或いはお電話でも、ご都合のよい方法でお問い合わせください。	めえるであるいわおでんわでもごつごおのよいほおほおでおといあわせください	めるであるいわおでんわでもごつごおのよいほおほおでおといあわせください
メールではなく、直接会って話したほうがいい。	めえるでわなくちょくせつあってわなしたほおがい	めるでわなくちょくせつあってわなしたほおがい
メールではなく、直接会って話したほうが誤解が少ない。	めえるでわなくちょくせつあってわなしたほおがごかいがすくない	めるでわなくちょくせつあってわなしたほおがごかいがすくない
メールの内容がよく分からなかったので、もう一度確認させていただけますか。	めえるのないよおがよくわからなかったのでもおいちどかくにんさせてえただけますか	めるのないよおがよくわからなかったのでもおいちどかくにんさせてえただけますか
メールは届いたはずです。	めえるわとどいたわずです	めるわとどいたわずです
メールを送ったのに、まだ返事が来ません。	めえるおくったのにまだえんじがきません	めるおくったのにまだえんじがきません
メールを送ったのに、一週間経ってもまだ返事がない。	めえるおくったのにいっしゅうかんたってもまだえんじがない	めるおくったのにいちしゅうかんたってもまだえんじがない
メールを送ったのに、彼からはまだ返事が来ていない。	めえるおくったのにかれからわまだえんじがきてえない	めるおくったのにかれからわまだえんじがきてえない
メールを送りたかったけど、なかなか出せませんでした。	めえるおくりたかったけどなかなかだせませんでした	めるおくりたかったけどなかなかだせませんでした
めにゅー	めにゅう	めにゅ
メニューを見て、注文に迷いました。	めにゅうおみてちゅうもんにまよいました	めにゅおみてちゅうもんにまよいました
メンバーが全員揃ったので、そろそろ会議を始めましょう。	めんばあがぜんいんそろったのでそろそろかいぎおわじめましょお	めんばがぜんいんそろったのでそろそろかいぎおわじめましょお
もし1億円あったとしたら、何をしますか。	もしいちおくえんあったとしたらなにおしますか	もしおくえんあったとしたらなにおしますか
やはり手作りのケーキは一番おいしいですね。	やわりてずくりのけえきわいちばんおいしいですね	やわりてずくりのけきわいちばんおいしいですね
やりたいことは先延ばしにするな。歳月人を待たずと言うだろう。	やりたいことわさきのばしにするなさいげつひとおまたずというだろお	やりたいことわさきのばしにするなさいげつじんおまたずというだろお
ゆにーく	ゆにいく	ゆにく
ヨーロッパの中世は、しばしば「暗黒時代」と揶揄されるが、実際には文化の萌芽が随所に見られた。	よおろっぱのちゅうせえわしばしばあんこくじだいとやゆされるがじっさいにわぶんかのほおががずいしょにみられた	よろっぱのちゅうせえわしばしばあんこくじだいとやゆされるがじっさいにわぶんかのほおががずいしょにみられた
ラーメンをはじめ、寿司や天ぷらも外国人に人気だ。	らあめんおわじめすしやてんぷらもがいこくじんににんきだ	らめんおわじめすしやてんぷらもがいこくじんににんきだ
ラッシュ時の通勤電車は不快極まりない。	らっしゅときのつうきんでんしゃわふかいきわまりない	らっしゅじのつうきんでんしゃわふかいきわまりない
リーダーたる者、部下に命じる前に自ら率先垂範すべきだ。	りいだあたるものぶかにめえじるまえにみずからそっせんすいわんすべきだ	りだたるしゃぶかにめえじるまえにみずからそっせんすいわんすべきだ
リーダーはメンバーに役割を分担させた。	りいだあわめんばあにやくわりおぶんたんさせた	りだわめんばにやくわりおぶんたんさせた
リーダーを中心に、チームが結束した。	りいだあおちゅうしんにちいむがけっそくした	りだおちゅうしんにちむがけっそくした
リスクを恐れて動かなければ大きな成果は望めない。虎穴に入らずんば虎子を得ずだ。	りすくおそれてうごかなければおきなせえかわのぞめないこけつにわいらずんばこじおえずだ	りすくおそれてうごかなければおきなせえかわのぞめないこけつにわいらずんばとらこおえずだ
リモートワークの普及によって、どこに住んでいても仕事ができるようになったことが大きい。	りもおとわあくのふきゅうによってどこにすんでえてもしごとができるよおになったことがおきい	りもとわくのふきゅうによってどこにすんでえてもしごとができるよおになったことがおきい
リモートワークの普及により、地方への移住を考える人が増えています。総務省の調査では、東京圏から地方への転出者数が、過去最高を記録したことが分かりました。特に三十代から四十代の働き盛りの世代に多い傾向が見られます。	りもおとわあくのふきゅうによりちほおえのいじゅうおかんがえるひとがふえてえますそおむしょおのちょおさでわとおきょおけんからちほおえのてんしゅつしゃすうがかこさいこおきろくしたことがわかりましたとくにさんじゅうだいからよんじゅうだいのわたらきざかりのせだいにおいけえこおがみられます	りもとわくのふきゅうによりちほおえのいじゅうおかんがえるひとがふえてえますそおむしょおのちょおさでわとおきょおけんからちほおえのてんしゅつしゃすうがかこさいこおきろくしたことがわかりましたとくにさんじゅうだいからよんじゅうだいのわたらきざかりのせだいにおいけえこおがみられます
リモートワークの普及に伴って、地方移住を選ぶ人が増えている。	りもおとわあくのふきゅうにともなってちほおいじゅうおえらぶひとがふえてえる	りもとわくのふきゅうにともなってちほおいじゅうおえらぶひとがふえてえる
ルールというより、おたがいへの思いやりなのです。	るうるというよりおたがいえのおもいやりなのです	るるというよりおたがいえのおもいやりなのです
ルールをよく知らないまま参加すると、自分に不利になることがある。	るうるおよくしらないままさんかするとじぶんにふりになることがある	るるおよくしらないままさんかするとじぶんにふりになることがある
ルールを確かめて、相手を探して、戦う相手を選びました。	るうるおたしかめてあいておさがしてたたかうあいておえらびました	るるおたしかめてあいておさがしてたたかうあいておえらびました
れしーと	れしいと	れしと
レシートください。	れしいとください	れしとください
レシートを確認したら、合計で三千円も払いすぎていた。	れしいとおかくにんしたらごおけえでさんぜんえんもわらいすぎてえた	れしとおかくにんしたらごおけえでさんせんえんもわらいすぎてえた
レポートには主観的な感想ではなく、事実を書くべきだと注意された。	れぽおとにわしゅかんてきなかんそおでわなくじじつおかくべきだとちゅういされた	れぽとにわしゅかんてきなかんそおでわなくじじつおかくべきだとちゅういされた
レポートの締め切りに間に合わせるため、徹夜で書いた。	れぽおとのしめきりにまにあわせるためてつやでかいた	れぽとのしめきりにまにあわせるためてつやでかいた
レポートの冒頭に、研究の要旨を三百字以内でまとめて記載してください。	れぽおとのぼおとおにけんきゅうのよおしおさんびゃくじいないでまとめてきさいしてください	れぽとのぼおとおにけんきゅうのよおしおさんひゃくじいないでまとめてきさいしてください
レポートは大体書き終わったので、あとは見直すだけです。	れぽおとわだいたいかきおわったのであとわみなおすだけです	れぽとわだいたいかきおわったのであとわみなおすだけです
レポートを書くときは、必ず複数の資料を参考にするようにしています。	れぽおとおかくときわかならずふくすうのしりょおさんこおにするよおにしてえます	れぽとおかくときわかならずふくすうのしりょおさんこおにするよおにしてえます
わがチームは、これで三年連続の優勝という快挙を成し遂げた。	わがちいむわこれでさんねんれんぞくのゆうしょおというかいきょおなしとげた	わがちむわこれでさんねんれんぞくのゆうしょおというかいきょおなしとげた
わが社の技術は、すでに世界のトップメーカーに匹敵する水準に達している。	わがしゃのぎじゅつわすでにせかいのとっぷめえかあにひってきするすいじゅんにたっしてえる	わがしゃのぎじゅつわすでにせかいのとっぷめかにひってきするすいじゅんにたっしてえる
わずかな配線ミスで回路がショートし、装置全体が動かなくなってしまった。	わずかなわいせんみすでかいろがしょおとしそおちぜんたいがうごかなくなってしまった	わずかなわいせんみすでかいろがしょとしそおちぜんたいがうごかなくなってしまった
わずかな判断の誤りが、後に重大な事故を招くことも少なくない。	わずかなわんだんのあやまりがあとにじゅうだいなじこおまねくこともすくなくない	わずかなわんだんのあやまりがごにじゅうだいなじこおまねくこともすくなくない
わずか十七音で情景を切り取る俳句には、日本人の美意識が凝縮されている。	わずかじゅうななおんでじょおけえおきりとるわいくにわにっぽんじんのびいしきがぎょおしゅくされてえる	わずかじゅうななおとでじょおけえおきりとるわいくにわにっぽんじんのびいしきがぎょおしゅくされてえる
わたしのかぞくは4人です。父と母と、いもうとが一人います。犬も一ぴきいます。	わたしのかぞくわよにんですちちとわわといもおとがひとりいますいぬもいっぴきいます	わたしのかぞくわにんですちちとわわといもおとがいちにんいますいぬもいちぴきいます
わたしは まいあさ ろくじはんに おきます。それから シャワーを あびて、しちじに あさごはんを たべます。	わたしわまいあさろくじわんにおきますそれからしゃわあおあびてしちじにあさごわんおたべます	わたしわまいあさろくじわんにおきますそれからしゃわおあびてしちじにあさごわんおたべます
わたしはコーヒーのほうが好きです。	わたしわこおひいのほおがすきです	わたしわこひのほおがすきです
わたしはスポーツがあまり好きではありません。	わたしわすぽおつがあまりすきでわありません	わたしわすぽつがあまりすきでわありません
わたしは普通、七時に起きます。	わたしわふつうしちじにおきます	わたしわふつうななじにおきます
わたしは料理が得意なので、よくパーティーを開きます。	わたしわりょおりがとくいなのでよくぱあてぃいおひらきます	わたしわりょおりがとくいなのでよくぱてぃおひらきます
悪天候にもかかわらず、大勢の観客が会場に詰めかけた。	あくてんこおにもかかわらずおぜえのかんきゃくがかいじょおにつめかけた	あくてんこおにもかかわらずたいせえのかんきゃくがかいじょおにつめかけた
圧政に耐えかねた民衆を率い、彼はついに都で挙兵した。	あっせえにたえかねたみんしゅうおひきいかれわついにみやこできょえした	あっせえにたえかねたみんしゅうおひきいかれわついにとできょえした
安い式場は逆に小さくて、二人で座れないくらいでした。	やすいしきじょおわぎゃくにちいさくてふたりですわれないくらいでした	やすいしきじょおわぎゃくにちいさくてににんですわれないくらいでした
以前は現金しか使えない店が多かったが、今ではスマートフォンやカードで支払える店が増えている。	いぜんわげんきんしかつかえないみせがおかったがいまでわすまあとふぉんやかあどでしわらえるみせがふえてえる	いぜんわげんきんしかつかえないみせがおかったがいまでわすまとふぉんやかどでしわらえるみせがふえてえる
意見が対立したが、最後はこちらが一歩譲ることで話がまとまった。	いけんがたいりつしたがさいごわこちらがいっぽゆずることでわなしがまとまった	いけんがたいりつしたがさいごわこちらがいちほゆずることでわなしがまとまった
遺産の相続をめぐって、兄弟の間で激しい争いが起きてしまった。	いさんのそおぞくおめぐってきょおだいのあいだでわげしいあらそいがおきてしまった	いさんのそおぞくおめぐってきょおだいのまでわげしいあらそいがおきてしまった
医師は虫歯になった歯を一本抜くことにした。	いしわむしばになったわおいっぽんぬくことにした	いしわむしばになったわおいちほんぬくことにした
医療ミスは一件たりとも許されない。	いりょおみすわいっけんたりともゆるされない	いりょおみすわいちけんたりともゆるされない
一つの銀行の破綻が引き金となって、瞬く間に金融恐慌が世界中に波及した。	ひとつのぎんこおのわたんがひきがねとなってまたたくまにきんゆうきょおこおがせかいじゅうにわきゅうした	ひとつのぎんこおのわたんがひきがねとなってまばたくまにきんゆうきょおこおがせかいじゅうにわきゅうした
一国の経済が特定の輸出品に過度に依存するのは、極めて危険である。	いっこくのけえざいがとくてえのゆしゅつひんにかどにいぞんするのわきわめてきけんである	いちこくのけえざいがとくてえのゆしゅつひんにかどにいぞんするのわきわめてきけんである
一冊の本との出会いが、彼の社会意識の覚醒を促した。	いっさつのほんとのであいがかれのしゃかいしきのかくせえおながした	いちさつのほんとのであいがかれのしゃかいしきのかくせえおながした
一社が市場を独占すると、消費者にとって不利になることが多い。	いっしゃがしじょおどくせんするとしょおひしゃにとってふりになることがおい	いちしゃがしじょおどくせんするとしょおひしゃにとってふりになることがおい
一社が市場を独占的に支配する状況は、消費者の利益を損なう。	いっしゃがしじょおどくせんてきにしわいするじょおきょおわしょおひしゃのりえきおそこなう	いちしゃがしじょおどくせんてきにしわいするじょおきょおわしょおひしゃのりえきおそこなう
一社の経営破綻が、取引先全体に深刻な影響を波及させた。	いっしゃのけえわたんがとりひきさきぜんたいにしんこくなえきょおわきゅうさせた	いちしゃのけえわたんがとりひきさきぜんたいにしんこくなえきょおわきゅうさせた
一人しか来なかった。	ひとりしかこなかった	いちにんしかこなかった
一人だけ来た。	ひとりだけきた	いちにんだけきた
一人だったので、好きなものを好きなだけ注文できました。	ひとりだったのですきなものおすきなだけちゅうもんできました	いちにんだったのですきなものおすきなだけちゅうもんできました
一人だとさびしいこともあるが、そのぶん自分の時間をじゆうに使える。	ひとりだとさびしいこともあるがそのぶんじぶんのじかんおじゆうにつかえる	いちにんだとさびしいこともあるがそのぶんじぶんのじかんおじゆうにつかえる
一人では食べきれない量が出てきた。	ひとりでわたべきれないりょおがでてきた	いちにんでわたべきれないりょおがでてきた
一人でも大変な作業なのに、人手が減ればなおさら終わらない。	ひとりでもたいえんなさぎょおなのにひとでがえればなおさらおわらない	いちにんでもたいえんなさぎょおなのにひとでがえればなおさらおわらない
一人で食べる食事は、どんなに豪華でも味気ないものだ。	ひとりでたべるしょくじわどんなにごおかでもあじけないものだ	いちにんでたべるしょくじわどんなにごおかでもあじけないものだ
一人で暮らすのは寂しいですが、もう慣れました。	ひとりでくらすのわさびしいですがもおなれました	いちにんでくらすのわさびしいですがもおなれました
一人の夜は寂しいです。	ひとりのよるわさびしいです	いちにんのよるわさびしいです
一世紀前、この地域は一方的に隣国に併合された歴史を持つ。	いっせえきまえこのちいきわいっぽおてきにりんごくにえごおされたれきしおもつ	いちせえきまえこのちいきわいっぽおてきにりんごくにえごおされたれきしおもつ
一度も立ち止まることなく、ゴールまで走り切った。	いちどもたちどまることなくごおるまでわしりきった	いちどもたちどまることなくごるまでわしりきった
一度芽生えた猜疑の念は、二人の間に取り返しのつかない溝を生んだ。	いちどめばえたさいぎのねんわふたりのあいだにとりかえしのつかないみぞおんだ	いちどめばえたさいぎのねんわににんのまにとりかえしのつかないみぞおんだ
一度口にした心ない言葉は覆水盆に返らずで、いくら謝っても彼女の信頼は戻らなかった。	いちどくちにしたこころないことばわふくすいぼんにかえらずでえくらあやまってもかのじょのしんらいわもどらなかった	いちどぐちにしたこころないことばわふくすいぼんにかえらずでえくらあやまってもかのじょのしんらいわもどらなかった
一度失われた信頼を取り戻すのは難しく、その関係の悪化はもはや不可逆なものとなっていた。	いちどおしなわれたしんらいおとりもどすのわむずかしくそのかんけえのあっかわもわやふかぎゃくなものとなってえた	いちどおしなわれたしんらいおとりもどすのわむずかしくそのかんけえのあっかわもわやふきゃがくなものとなってえた
一度植えつけられた不信感を払拭するのは、並大抵のことではない。	いちどおえつけられたふしんかんおふっしきするのわなみたいてえのことでわない	いちどおえつけられたふしんかんおふっしょくするのわなみたいてえのことでわない
一日中パソコンに向かっていたので、肩がひどく凝ってしまった。	いちにちじゅうぱそこんにむかってえたのでかたがひどくこってしまった	いちにちちゅうぱそこんにむかってえたのでかたがひどくこってしまった
一日中歩いてくたくたになった。	いちにちじゅうあるいてくたくたになった	いちにちちゅうあるいてくたくたになった
一晩で三十センチも雪が積もり、朝の交通は大きく乱れた。	ひとばんでさんじゅっせんちもゆきがつもりあさのこおつうわおきくみだれた	いちばんでさんじゅうせんちもゆきがつもりあさのこおつうわおきくみだれた
一部の意見だけでなく、チーム全体の考えを聞いてから決めたいです。	いちぶのいけんだけでなくちいむぜんたいのかんがえおきいてからきめたいです	いちぶのいけんだけでなくちむぜんたいのかんがえおきいてからきめたいです
一分の無駄もないこの茶室の設計は、簡素の美の極致と言ってよい。	いちぶのむだもないこのちゃしつのせっけえわかんそのびのきょくちといってよい	いちふんのむだもないこのちゃしつのせっけえわかんそのびのきょくちといってよい
一歩間違えれば大事故になる危うい場面だった。	いっぽまちがえればだいじこになるあやういばめんだった	いちほまちがえればだいじこになるあやういばめんだった
一方的な決定は、現場で汗を流してきた者たちの誇りを踏み躙るものだった。	いっぽおてきなけってえわげんばであせおながしてきたものたちのほこりおふみにじるものだった	いっぽおてきなけってえわげんばであせおながしてきたしゃたちのほこりおふみにじるものだった
一本の川によって、その民族は南北に分断されたまま今日に至っている。	いっぽんのかわによってそのみんぞくわなんぼくにぶんだんされたままこんにちにいたってえる	いちほんのかわによってそのみんぞくわなんぼくにぶんだんされたままきょおにいたってえる
一本の電話を境に、私を取り巻く状況は一変してしまった。	いっぽんのでんわおさかいにわたしおとりまくじょおきょおわいっぺんしてしまった	いちほんのでんわおさかいにわたしおとりまくじょおきょおわいっぺんしてしまった
一連の調査結果は、両者の間に何らかの関連があることを強く示唆している。	いちれんのちょおさけっかわりょおしゃのあいだになんらかのかんれんがあることおつよくしさしてえる	いちれんのちょおさけっかわりょおしゃのまになんらかのかんれんがあることおつよくしさしてえる
引っ越してきたばかりなので、近所の方にきちんと挨拶しておきたい。	ひっこしてきたばかりなのできんじょのかたにきちんとあいさつしておきたい	ひっこしてきたばかりなのできんじょのほおにきちんとあいさつしておきたい
引っ越しをしたら、十四日以内に区役所へ行かなければなりません。	ひっこしおしたらじゅうよっかいないにくやくしょえかなければなりません	ひっこしおしたらじゅうよんにちいないにくやくしょえかなければなりません
引っ越しを機に、駅からもっと近いアパートを探しているところです。	ひっこしおきにえきからもっとちかいあぱあとおさがしてえるところです	ひっこしおきにえきからもっとちかいあぱとおさがしてえるところです
飲まない→飲まなかった	のまないのまなかった	のまない→のまなかった
飲む：飲みます/飲んで/飲める/飲まれる/飲ませる	のむのみますのんでのめるのまれるのませる	のむ：のみます/のんで/のめる/のまれる/のませる
飲む→飲みます	のむのみます	のむ→のみます
雨が降りそうだから、さっさと帰ったほうがいいよ。	あめがふりそおだからさっさとかえったほおがいよ	あめがおりそおだからさっさとかえったほおがいよ
雨が降りそうだから、傘を持って行ったほうがいいですよ。	あめがふりそおだからかさおもってえったほおがいですよ	あめがおりそおだからかさおもってえったほおがいですよ
雨が降りました。しかし、出かけました。	あめがふりましたしかしでかけました	あめがおりましたしかしでかけました
雨が降ろうと降るまいと、いずれにせよ試合は予定どおり開催される。	あめがふろおとふるまいといずれにせよしあいわよてえどおりかいさいされる	あめがくだろおとふるまいといずれにせよしあいわよてえどおりかいさいされる
雨で外に出られず、一日中退屈でした。	あめでそとにでられずいちにちじゅうたいくつでした	あめでそとにでられずいちにちちゅうたいくつでした
雨なのでタクシーで帰ります。	あめなのでたくしいでかえります	あめなのでたくしでかえります
雨に濡れた服を、ストーブの前で乾かしています。	あめにぬれたふくおすとおぶのまえでかわかしてえます	あめにぬれたふくおすとぶのまえでかわかしてえます
雨の日にサッカーをしたので、服が泥だらけになってしまった。	あめのひにさっかあおしたのでふくがどろだらけになってしまった	あめのひにさっかおしたのでふくがどろだらけになってしまった
雨も降っているし、疲れているし、タクシーで帰りましょう。	あめもふってえるしつかれてえるしたくしいでかえりましょお	あめもふってえるしつかれてえるしたくしでかえりましょお
運動の後は、脈拍がしばらく速いままだった。	うんどおのあとわみゃくわくがしばらくわやいままだった	うんどおののちわみゃくわくがしばらくわやいままだった
雲の色が重くて、雨が降りそうだ。	くものいろがおもくてあめがふりそおだ	くものいろがおもくてあめがおりそおだ
映画は七時に始まります。	えがわしちじにわじまります	えがわななじにわじまります
映画を見終わった後、参加者一人ひとりに率直な感想を述べてもらった。	えがおみおわったあとさんかしゃひとりひとりにそっちょくなかんそおのべてもらった	えがおみおわったのちさんかしゃひとりひとりにそっちょくなかんそおのべてもらった
英語でメールを送ります。	えごでめえるおくります	えごでめるおくります
英語のメニューはありますか。	えごのめにゅうわありますか	えごのめにゅわありますか
駅から家まで、あるいて十分ぐらいです。	えきからいえまであるいてじゅうぶんぐらいです	えきからいえまであるいてじゅうふんぐらいです
駅から徒歩十分以内、という条件をつけると、家賃は一気に上がる。	えきからとほじゅっぷんいないというじょおけんおつけるとやちんわいっきにあがる	えきからとほじゅうふんいないというじょおけんおつけるとやちんわいっきにあがる
駅から歩いて十分程のところに新しいカフェができた。	えきからあるいてじゅっぷんほどのところにあたらしいかふぇができた	えきからあるいてじゅうぶんほどのところにあたらしいかふぇができた
駅のホームで、留学に行く友人をみんなで見送りました。	えきのほおむでりゅうがくにいくゆうじんおみんなでみおくりました	えきのほむでりゅうがくにいくゆうじんおみんなでみおくりました
駅の近くに大きなショッピングモールが建設される予定です。	えきのちかくにおきなしょっぴんぐもおるがけんせつされるよてえです	えきのちかくにおきなしょっぴんぐもるがけんせつされるよてえです
駅まで三十分かかります。	えきまでさんじゅっぷんかかります	えきまでさんじゅうふんかかります
駅まで十分ぐらいかかります。	えきまでじゅっぷんぐらいかかります	えきまでじゅうふんぐらいかかります
駅前に大型スーパーができて、この辺りの暮らしは格段に便利になった。	えきまえにおがたすうぱあができてこのあたりのくらしわかくだんにべんりになった	えきまえにおがたすぱができてこのあたりのくらしわかくだんにべんりになった
駅前に大勢の人が集まっています。	えきまえにおぜえのひとがあつまってえます	えきまえにたいせえのひとがあつまってえます
駅前の映画館は、工事のため、今月の20日まで休みです。	えきまえのえがかんわこおじのためこんげつのわつかまでやすみです	えきまえのえがかんわこおじのためこんげつのにちまでやすみです
駅前の広場でコンサートが開かれます。	えきまえのひろばでこんさあとがひらかれます	えきまえのひろばでこんさとがひらかれます
駅前の店で天ぷら丼を注文しました。	えきまえのみせでてんぷらどんおちゅうもんしました	えきまえのみせでてんぷらどんぶりおちゅうもんしました
円安の影響で輸入原料が高騰し、多くのメーカーが値上げを迫られた。	えんやすのえきょおでゆにゅうげんりょおがこおとおしおくのめえかあがねあげおせまられた	えんやすのえきょおでゆにゅうげんりょおがこおとおしおくのめかがねあげおせまられた
遠くで雷がごろごろと鳴り始めたので、急いで洗濯物を取り込んだ。	とおくでかみなりがごろごろとなりわじめたのでえそいでせんたくものおとりこんだ	とおくでかみなりがごろごろとなりわじめたのでえそいでせんたくぶつおとりこんだ
応募が定員に達したため、受付を早めに締め切った。	おぼがてえんにたっしたためうけつけおわやめにしめきった	おぼがてえいんにたっしたためうけつけおわやめにしめきった
応募できるのは二十歳以下の方に限られています。	おぼできるのわにじゅっさいかのほおにかぎられてえます	おぼできるのわにじゅうさいかのほおにかぎられてえます
恩義ある主君に叛くことなど、彼の信念からしてできるはずもなかった。	おんぎあるしゅくんにそむくことなどかれのしんねんからしてできるわずもなかった	おんぎあるしゅくんに叛くことなどかれのしんねんからしてできるわずもなかった
温泉は何時まで入れますか？	おんせんわなんじまでえれますか	おんせんわいつまでえれますか
化石燃料の枯渇が現実味を帯びるにつれ、再生可能エネルギーへの転換が急務となっている。	かせきねんりょおのこかつがげんじつみおびるにつれさいせえかのおえねるぎいえのてんかんがきゅうむとなってえる	かせきねんりょおのこかつがげんじつみおびるにつれさいせえかのおえねるぎえのてんかんがきゅうむとなってえる
仮にも一国を代表する立場にある者が、そんな軽率な発言をすべきではない。	かりにもいっこくおだいひょおするたちばにあるものがそんなけえそつなわつげんおすべきでわない	かりにもいちこくおだいひょおするたちばにあるものがそんなけえそつなわつげんおすべきでわない
何気ない一冊との出会いが契機となって、彼女は研究者の道を歩み始めた。	なにげないっさつとのであいがけえきとなってかのじょわけんきゅうしゃのみちおあゆみわじめた	なにげないちさつとのであいがけえきとなってかのじょわけんきゅうしゃのみちおあゆみわじめた
何度も交渉を試みたが、双方の主張の隔たりは埋まらなかった。	なんどもこおしょおこころみたがそおほおのしゅちょおのえだたりわうずまらなかった	なんどもこおしょおこころみたがそおほおのしゅちょおのえだたりわうまらなかった
何度計算しても、理論値との間にわずかな誤差が生じてしまう。	なんどけえさんしてもりろんちとのあいだにわずかなごさがしょおじてしまう	なんどけえさんしてもりろんちとのまにわずかなごさがしょおじてしまう
何百年も前に築かれた石垣が、地震にも崩れず今なお堅牢に残っている。	なんびゃくねんもまえにきずかれたいしがきがじしんにもくずれずいまなおけんろおにのこってえる	なんひゃくねんもまえにきずかれたいしがきがじしんにもくずれずこんなおけんろおにのこってえる
加齢とともに血管は硬くなり、さまざまな病気の原因となりうる。	かれえとともにけっかんわかたくなりさまざまなびょおきのげんいんとなりうる	かよわいとともにけっかんわかたくなりさまざまなびょおきのげんいんとなりうる
加齢とともに軟骨がすり減り、階段の上り下りに痛みを感じるようになった。	かれえとともになんこつがすりえりかいだんののぼりくだりにいたみおかんじるよおになった	かよわいとともになんこつがすりえりかいだんののぼりくだりにいたみおかんじるよおになった
夏はいつもTシャツを着ます。	なつわいつもてぃいしゃつおきます	なつわいつもてぃしゃつおきます
夏はよくプールで泳ぎます。	なつわよくぷうるでおよぎます	なつわよくぷるでおよぎます
夏は水とジュースをよく飲んで、冬はお茶で温まります。	なつわみずとじゅうすおよくのんでふゆわおちゃであたたまります	なつわみずとじゅすおよくのんでふゆわおちゃであたたまります
夏は冷えたジュースが美味しい。汗をかいたタオルは庭で乾かして、すぐ乾きます。	なつわひえたじゅうすがおいしいあせおかいたたおるわにわでかわかしてすぐかわきます	なつわひえたじゅすがおいしいあせおかいたたおるわにわでかわかしてすぐかわきます
家の隣はコンビニ、家の横は小さな公園、コンビニと公園の間に小さな店があります。	いえのとなりわこんびにいえのよこわちいさなこおえんこんびにとこおえんのあいだにちいさなみせがあります	いえのとなりわこんびにいえのよこわちいさなこおえんこんびにとこおえんのまにちいさなみせがあります
家族の心配をよそに、彼は一人で海外に旅立った。	かぞくのしんぱいおよそにかれわひとりでかいがいにたびだった	かぞくのしんぱいおよそにかれわいちにんでかいがいにたびだった
家族は四人です。お父さん、お母さん、お兄さん、僕です。	かぞくわよにんですおとおさんおかあさんおにいさんぼくです	かぞくわよんにんですおとおさんおかあさんおにいさんぼくです
家族みんなでテーブルを囲んで、楽しく食事をした。	かぞくみんなでてえぶるおかこんでたのしくしょくじおした	かぞくみんなでてぶるおかこんでたのしくしょくじおした
歌います→歌う／歌わない	うたいますうたうたわない	うたいます→うたう／うたわない
火の中に取り残された子どもを、彼は勇敢にも一人で救い出した。	ひのなかにとりのこされたこどもおかれわゆうかんにもひとりですくいだした	ひのなかにとりのこされたこどもおかれわゆうかんにもいちにんですくいだした
荷物が思ったより重くて、一人で運ぶのは無理でした。	にもつがおもったよりおもくてひとりでわこぶのわむりでした	にもつがおもったよりおもくてえちにんでわこぶのわむりでした
過ぎたことをいつまでも悔やんでも詮ないから、前を向くしかない。	すぎたことおいつまでもくやんでもせんないからまえおむくしかない	かぎたことおいつまでもくやんでもせんないからまえおむくしかない
過ぎたことをいつまでも恨んでいても、何も始まらない。	すぎたことおいつまでもおらんでえてもなにもわじまらない	かぎたことおいつまでもおらんでえてもなにもわじまらない
過去のデータをもとに、今期の需要を予測する。	かこのでえたおもとにこんきのじゅよおよそくする	かこのでたおもとにこんきのじゅよおよそくする
過去十年のデータをもとに、来期の需要を算出した。	かこじゅうねんのでえたおもとにらいきのじゅよおさんしゅつした	かこじゅうねんのでたおもとにらいきのじゅよおさんしゅつした
過密なスケジュールが続き、心身ともに疲弊しきってしまった。	かみつなすけじゅうるがつずきしんしんともにひえしきってしまった	かみつなすけじゅるがつずきしんしんともにひえしきってしまった
我思う、ゆえに我あり——この一節は近代哲学の出発点とされている。	われおもおゆえにわれありこのいっせつわきんだいてつがくのしゅっぱつてんとされてえる	わがおもおゆえにわがありこのいっせつわきんだいてつがくのしゅっぱつてんとされてえる
介護を一人で抱え込み、彼女は精神的に追い詰められていった。	かいごおひとりでかかえこみかのじょわせえしんてきにおいつめられてえった	かいごおいちにんでかかえこみかのじょわせえしんてきにおいつめられてえった
会議で決まった内容は、チーム全員で共有しておきましょう。	かいぎできまったないよおわちいむぜんいんできょおゆうしておきましょお	かいぎできまったないよおわちむぜんいんできょおゆうしておきましょお
会議で同じ話が延々と続き、なかなか結論が出なかった。	かいぎでおなじばなしがえんえんとつずきなかなかけつろんがでなかった	かいぎでおなじわなしがえんえんとつずきなかなかけつろんがでなかった
会議の資料は、あとでメールで送ります。	かいぎのしりょおわあとでめえるでおくります	かいぎのしりょおわあとでめるでおくります
会議の時間についてですが、午前中は別の予定が入っているという方が多いので、午後2時からに変更したいと思います。ご都合いかがでしょうか。	かいぎのじかんについてですがごぜんちゅうわべつのよてえがわいってえるというほおがおいのでごごにじからにえんこおしたいとおもいますごつごおいかがでしょおか	かいぎのじかんについてですがごぜんちゅうわべつのよてえがわいってえるというほおがおいのでごごじからにえんこおしたいとおもいますごつごおいかがでしょおか
会議の場所が変わりました。3階の会議室ではなく、2階のホールで行います。まちがえないでください。	かいぎのばしょがかわりましたさんがいのかいぎしつでわなくにかいのほおるでおこないますまちがえないでください	かいぎのばしょがかわりましたかいのかいぎしつでわなくかいのほるでおこないますまちがえないでください
会議の内容を一枚のレポートに纏めて、明日までに提出してください。	かいぎのないよおいちまいのれぽおとにまとめてあしたまでにてえしゅつしてください	かいぎのないよおいちまいのれぽとにまとめてあしたまでにてえしゅつしてください
会議は2時からです。でも、少しはやく始めるので、1時50分までに来てください。	かいぎわにじからですでもすこしわやくわじめるのでえちじごじゅっぷんまでにきてください	かいぎわじからですでもすこしわやくわじめるのでじふんまでにきてください
会議は3時からでしたが、4時からに変わりました。	かいぎわさんじからでしたがよじからにかわりました	かいぎわじからでしたがじからにかわりました
会議は三時から始まります。ちなみに、資料は昨日メールでお送りしました。	かいぎわさんじからわじまりますちなみにしりょおわきのおめえるでおくりしました	かいぎわさんじからわじまりますちなみにしりょおわきのおめるでおくりしました
会議室が変わったので、三階へ移動してください。	かいぎしつがかわったのでさんがいえどおしてください	かいぎしつがかわったのでさんかいえどおしてください
会議室が変更になりましたので、三階の大会議室へご移動ください。	かいぎしつがえんこおになりましたのでさんがいのだいかいぎしつえごいどおください	かいぎしつがえんこおになりましたのでさんかいのだいかいぎしつえごいどおください
会社では、書類のコピーとプリントを毎日大量にします。	かいしゃでわしょるいのこぴいとぷりんとおまいにちたいりょおにします	かいしゃでわしょるいのこぴとぷりんとおまいにちたいりょおにします
会社に行かず、家で仕事をする「テレワーク」を取り入れる企業が増えています。	かいしゃにいかずいえでしごとおするてれわあくおとりいれるきぎょおがふえてえます	かいしゃにいかずいえでしごとおするてれわくおとりいれるきぎょおがふえてえます
会社の帰りにスーパーに寄って、夕飯の材料を買いました。	かいしゃのかえりにすうぱあによってゆうわんのざいりょおかいました	かいしゃのかえりにすぱによってゆうわんのざいりょおかいました
会社まで電車で1時間掛かります。お昼休みには公園で休んで、鳥が飛んでいるのを見ました。	かいしゃまででんしゃでえちじかんかかりますおひるやすみにわこおえんでやすんでとりがとんでえるのおみました	かいしゃまででんしゃでじかんかかりますおひるやすみにわこおえんでやすんでとりがとんでえるのおみました
改革案をめぐり、経営陣と労組が一歩も譲らず対峙している。	かいかくあんおめぐりけえじんとろおそがいっぽもゆずらずたいじしてえる	かいかくあんおめぐりけえじんとろおそがいちほもゆずらずたいじしてえる
改正された個人情報保護法は、来月一日をもって施行される運びとなった。	かいせえされたこじんじょおほおほごほおわらいげつついたちおもってしこおされるわこびとなった	かいせえされたこじんじょおほおほごほおわらいげついちにちおもってしこおされるわこびとなった
海外赴任では、郷に入っては郷に従えの精神で、現地の商習慣を素直に受け入れることが肝心だ。	かいがいふにんでわごおにわいってわごおにしたがえのせえしんでげんちのしょおしゅうかんおすなおにうけえれることがかんじんだ	かいがいふにんでわさとにわいってわさとにしたがえのせえしんでげんちのしょおしゅうかんおすなおにうけえれることがかんじんだ
開演の三十分前から、観客の入場が始まる予定です。	かいえんのさんじゅっぷんまえからかんきゃくのにゅうじょおがわじまるよてえです	かいえんのさんじゅうふんまえからかんきゃくのにゅうじょおがわじまるよてえです
開会の合図とともに、選手たちは一斉にスタートを切った。	かいかいのあいずとともにせんしゅたちわいっせえにすたあとおきった	かいかいのあいずとともにせんしゅたちわいっせえにすたとおきった
外は日差しが強いので、出かける前に日焼け止めを塗っておこう。	そとわひざしがつよいのででかけるまえにひやけどめおぬっておこお	そとわひざしがつよいのででかけるまえにひやけとめおぬっておこお
外国人の場合、保証人を求められることが多い。	がいこくじんのばあいほしょおにんおもとめられることがおい	がいこくじんのばあいほしょおじんおもとめられることがおい
概ね異存はございませんが、一点だけ確認させてください。	おむねえぞんわございませんがいってんだけかくにんさせてください	おむねえぞんわございませんがいちてんだけかくにんさせてください
各地に分散していた工場を一か所に集約し、生産効率を高めた。	かくちにぶんさんしてえたこおじょおいっかしょにしゅうやくしせえさんこおりつおたかめた	かくちにぶんさんしてえたこおじょおいちかしょにしゅうやくしせえさんこおりつおたかめた
核兵器の廃絶を訴える声は根強いが、抑止力を手放そうとしない国が後を絶たない。	かくえきのわいぜつおったえるこえわねずよいがよくしりょくおてばなそおとしないくにがあとおたたない	かくえきのわいぜつおったえるこえわねずよいがよくしりょくおてばなそおとしないくにがごおたたない
獲れたばかりの魚をその場で加工することで、鮮度と風味を保っている。	とれたばかりのさかなおそのばでかこおすることでせんどとふうみおたもってえる	えれたばかりのさかなおそのばでかこおすることでせんどとふうみおたもってえる
覚えたい言葉が多くて、忘れないようにノートに書きます。	おぼえたいことばがおくてわすれないよおにのおとにかきます	おぼえたいことばがおくてわすれないよおにのとにかきます
角が立つのを承知で、あえて反対意見を述べさせていただきます。	かどがたつのおしょおちであえてわんたいけんおのべさせてえただきます	かくがたつのおしょおちであえてわんたいけんおのべさせてえただきます
学会の初日の夜には、参加者同士の懇親を目的とした立食パーティーがある。	がっかいのしょにちのよるにわさんかしゃどおしのこんしんおもくてきとしたりっしょくぱあてぃいがある	がっかいのしょにちのよるにわさんかしゃどおしのこんしんおもくてきとしたりっしょくぱてぃがある
学界の主流に真っ向から異を唱える彼の異説は、当初ことごとく黙殺された。	がっかいのしゅりゅうにまっこおからいおとなえるかれのいせつわとおしょことごとくもくさつされた	がっかいのしゅりゅうにまっこおからことおとなえるかれのいせつわとおしょことごとくもくさつされた
学校で先生に「こんにちは」、新しい友達には「初めまして、よろしくお願いします」。	がっこおでせんせえにこんにちわあたらしいともだちにわわじめましてよろしくおねがいします	がっこおでせんせえにこんにちわあたらしいともだちにわそめましてよろしくおねがいします
楽しい時間はあっという間に過ぎ、気づけばもう別れの時刻だった。	たのしいじかんわあっとゆうまにすぎきずけばもおわかれのじこくだった	たのしいじかんわあっというまにすぎきずけばもおわかれのじこくだった
滑車を組み合わせることで、人力でも数百キロの荷を難なく吊り上げられる。	かっしゃおくみあわせることでじんりきでもすうひゃっきろのにおなんなくつりあげられる	かっしゃおくみあわせることでじんりきでもすうひゃくきろのにおなんなくつりあげられる
乾燥する季節は、皮膚が荒れやすいので保湿を欠かせない。	かんそおするきせつわひふがあれやすいのでほしつおかかせない	かんそおするきせつわひふがあれやすいのでほしめおかかせない
寒いので、セーターを着ます。	さむいのでせえたあおきます	さむいのでせたおきます
寒いのでコートを着ます。	さむいのでこおとおきます	さむいのでことおきます
寒かったので、母は私の首にマフラーを巻いてくれました。	さむかったのでわわわわたしのくびにまふらあおまいてくれました	さむかったのでわわわわたしのくびにまふらおまいてくれました
寒くありません ＝ 寒くないです	さむくありませんさむくないです	さむくありません＝さむくないです
完成までにかかる費用は、おおよそ三百万円と見積もっている。	かんせえまでにかかるひよおわおよそさんびゃくまんえんとみつもってえる	かんせえまでにかかるひよおわおよそさんひゃくまんえんとみつもってえる
感情に流されず、データに基づいて合理的な判断を下すべきだ。	かんじょおにながされずでえたにもとずいてごおりてきなわんだんおくだすべきだ	かんじょおにながされずでたにもとずいてごおりてきなわんだんおくだすべきだ
歓送迎会でスピーチさせられた。	かんそおげえかいですぴいちさせられた	かんそおむかえかいですぴちさせられた
汗まみれになりながら、祭りの神輿を担いだ。	あせまみれになりながらまつりのみこしおかついだ	あせまみれになりながらまつりのしんよおかついだ
環境への配慮から、当社では来年度より、社内資料のペーパーレス化を全面的に推進する方針です。	かんきょおえのわいりょからとおしゃでわらいねんどよりしゃないしりょおのぺえぱあれすかおぜんめんてきにすいしんするほおしんです	かんきょおえのわいりょからとおしゃでわらいねんどよりしゃないしりょおのぺぱれすかおぜんめんてきにすいしんするほおしんです
環境破壊は、多くの野生動物の生存を脅かしている。	かんきょおわかいわおくのやせえどおぶつのせえぞんおどかしてえる	かんきょおわかいわおくのやせえどおぶつのせえぞんおびやかしてえる
環境問題は一国だけで解決できるものではなく、国際的な協力が欠かせない。	かんきょおもんだいわいっこくだけでかいけつできるものでわなくこくさいてきなきょおりょくがかかせない	かんきょおもんだいわいちこくだけでかいけつできるものでわなくこくさいてきなきょおりょくがかかせない
甘い言葉で若い政治家を籠絡し、裏で意のままに操っていたらしい。	あまいことばでわかいせえじかおろおらくしうらでえのままにあやつってえたらしい	あまいことばでわかいせえじかおかご絡しうらでえのままにあやつってえたらしい
監督の何気ない一言は、作品全体のテーマを解く上で極めて示唆的だった。	かんとくのなにげないひとことわさくひんぜんたいのてえまおとくうえできわめてしさてきだった	かんとくのなにげないひとことわさくひんぜんたいのてまおとくうえできわめてしさてきだった
監督の巧みな采配で、チームは逆転勝利を収めた。	かんとくのたくみなさいわいでちいむわぎゃくてんしょおりおさめた	かんとくのたくみなさいわいでちむわぎゃくてんしょおりおさめた
関係各所の意見を聞きながら、スケジュールを細かく調整する必要がある。	かんけえかくしょのいけんおききながらすけじゅうるおこまかくちょおせえするひつよおがある	かんけえかくしょのいけんおききながらすけじゅるおこまかくちょおせえするひつよおがある
韓国、アメリカ、イギリス、フランス、ドイツ、全部行ってみたいです。	かんこくあめりかいぎりすふらんすどいつぜんぶいってみたいです	かんこくあめりかいぎりすふらんすどいつぜんぶおこなってみたいです
丸い時計、四角いテーブル、いろんな形が好きみたいです。彼の犬はとても可愛いです。	まるいとけえしかくいてえぶるいろんなかたちがすきみたいですかれのいぬわとてもかわいです	まるいとけえしかくいてぶるいろんなかたちがすきみたいですかれのいぬわとてもかわいです
眼鏡をかけたままシャワーを浴びてしまいました。	めがねおかけたまましゃわあおあびてしまいました	めがねおかけたまましゃわおあびてしまいました
企画の立案から実行に至るまで、彼女が一人で担当した。	きかくのりつあんからじっこおにいたるまでかのじょがひとりでたんとおした	きかくのりつあんからじっこおにいたるまでかのじょがいちにんでたんとおした
企業ともなると、採用した後の日本語教育や、地域社会とのつながりづくりまで担う必要が出てくる。	きぎょおともなるとさいよおしたあとのにほんごきょおいくやちいきしゃかいとのつながりずくりまでになうひつよおがでてくる	きぎょおともなるとさいよおしたのちのにほんごきょおいくやちいきしゃかいとのつながりずくりまでになうひつよおがでてくる
期限までに返信がない場合は、同意したものと見做します。	きげんまでにえんしんがないばあいわどおいしたものとみなします	きげんまでにえんしんがないばあいわどおいしたものとみ做します
機械が壊れて、レシートが出ない日もあります。	きかいがこわれてれしいとがでないひもあります	きかいがこわれてれしとがでないひもあります
帰りはタクシーとバスを使って、最後に飛行機で家へ。	かえりわたくしいとばすおつかってさいごにひこおきでえ	かえりわたくしとばすおつかってさいごにひこおきでえ
気温が上がると、水たまりの水はあっという間に蒸発してしまう。	きおんがあがるとみずたまりのみずわあっとゆうまにじょおわつしてしまう	きおんがあがるとみずたまりのみずわあっというまにじょおわつしてしまう
気候変動への対応は、もはや一国の問題ではなく、地球規模での協調が求められている。先進国と発展途上国の間の利害調整、技術移転、資金援助など、解決すべき課題は多岐にわたる。次世代に持続可能な地球を引き継ぐためには、今こそ国際社会の結束が試されている。	きこおえんどおえのたいおわもわやいっこくのもんだいでわなくちきゅうきぼでのきょおちょおがもとめられてえるせんしんこくとわってんとじょおこくのあいだのりがいちょおせえぎじゅついてんしきんえんじょなどかいけつすべきかだいわたきにわたるじせだいにじぞくかのおなちきゅうおひきつぐためにわいまこそこくさいしゃかいのけっそくがためされてえる	きこおえんどおえのたいおわもわやいちこくのもんだいでわなくちきゅうきぼでのきょおちょおがもとめられてえるせんしんこくとわってんとじょおこくのまのりがいちょおせえぎじゅついてんしきんえんじょなどかいけつすべきかだいわたきにわたるじせだいにじぞくかのおなちきゅうおひきつぐためにわいまこそこくさいしゃかいのけっそくがためされてえる
気持ちが消えなくて、まだよく知らないことが多いです。一週間が終わって、休みたいです。	きもちがきえなくてまだよくしらないことがおいですいっしゅうかんがおわってやすみたいです	きもちがきえなくてまだよくしらないことがおいですいちしゅうかんがおわってやすみたいです
汽笛を一つ鳴らして、大型客船はゆっくりと埠頭を離岸していった。	きてきおひとつならしておがたきゃくせんわゆっくりとふとおりがんしてえった	きてきおひとつならしておがたきゃくせんわゆっくりとふとおわなれがんしてえった
季節に応じて、メニューを入れ替えている。	きせつにおじてめにゅうおいれかえてえる	きせつにおじてめにゅおいれかえてえる
記者たちは一斉にカメラを大臣のほうへ向けた。	きものたちわいっせえにかめらおだいじんのほおえむけた	きしゃたちわいっせえにかめらおだいじんのほおえむけた
記者たちは一斉にカメラを大統領に向けました。	きものたちわいっせえにかめらおだいとおりょおにむけました	きしゃたちわいっせえにかめらおだいとおりょおにむけました
記者たちは大臣に、矢継ぎ早に鋭い質問を浴びせた。	きものたちわだいじんにやつぎばやにするどいしつもんおあびせた	きしゃたちわだいじんにやつぎばやにするどいしつもんおあびせた
記録的な豪雨により、各地で河川の氾濫が相次いだ。	きろくてきなごおによりかくちでかせんのわんらんがあいついだ	きろくてきなごおうによりかくちでかせんのわんらんがあいついだ
起きます→起きる／起きない	おきますおきるおきない	おきます→おきる／おきない
起業してからの数年間は、まさに疾風怒濤の日々だった。	きぎょおしてからのすうねんかんわまさにしっぷうどとおのひびだった	きぎょおしてからのすうねんかんわまさにしっぷういか濤のひびだった
起業当初は順風満帆に見えたが、実は数々の困難を乗り越えてきたそうだ。	きぎょおとおしょわじゅんぷうまんぱんにみえたがじつわかずかずのこんなんおのりこえてきたそおだ	きぎょおとおしょわじゅんぷうまんほにみえたがじつわかずかずのこんなんおのりこえてきたそおだ
技術者たちの粘り強い研究が、難局を打開する突破口を開いた。	ぎじゅつものたちのねばりずよいけんきゅうがなんきょくおだかいするとっぱこおひらいた	ぎじゅつしゃたちのねばりずよいけんきゅうがなんきょくおだかいするとっぱこおひらいた
疑問があれば、問いかけるだけで、AIが瞬時に答えを示してくれる。	ぎもんがあればといかけるだけでえあいがしゅんじにこたえおしめしてくれる	ぎもんがあればといかけるだけでAIがしゅんじにこたえおしめしてくれる
議論が噛み合わないのは、そもそも用語の定義が両者の間で食い違っているからだ。	ぎろんがかみあわないのわそもそもよおごのてえぎがりょおしゃのあいだでくいちがってえるからだ	ぎろんがかみあわないのわそもそもよおごのてえぎがりょおしゃのまでくいちがってえるからだ
議論はさまざまだが、煎じ詰めれば、問題は資金不足の一点に尽きる。	ぎろんわさまざまだがせんじつめればもんだいわしきんふそくのいってんにつきる	ぎろんわさまざまだがせんじつめればもんだいわしきんふそくのいちてんにつきる
議論は平行線をたどっていたが、会長の鶴の一声で方針は一気に決まった。	ぎろんわえこおせんおたどってえたがかいちょおのつるのひとこえでほおしんわいっきにきまった	ぎろんわえこおせんおたどってえたがかいちょおのつるのいっせえでほおしんわいっきにきまった
逆に、こまめな情報の共有は、チーム全体の信頼とこうりつを高めてくれる。	ぎゃくにこまめなじょおほおのきょおゆうわちいむぜんたいのしんらいとこおりつおたかめてくれる	ぎゃくにこまめなじょおほおのきょおゆうわちむぜんたいのしんらいとこおりつおたかめてくれる
逆境に立たされたチームは、かえって固い結束を見せた。	ぎゃっきょおにたたされたちいむわかえってかたいけっそくおみせた	ぎゃっきょおにたたされたちむわかえってかたいけっそくおみせた
逆境をものともせず優勝をつかんだその精神力は、まさに天晴れというほかない。	ぎゃっきょおものともせずゆうしょおつかんだそのせえしんりょくわまさにてんばれというほかない	ぎゃっきょおものともせずゆうしょおつかんだそのせえしんりょくわまさにてんわれというほかない
逆転ゴールが決まると、スタジアムは割れんばかりの歓声に包まれた。	ぎゃくてんごおるがきまるとすたじあむわわれんばかりのかんせえにつつまれた	ぎゃくてんごるがきまるとすたじあむわわれんばかりのかんせえにつつまれた
丘の上には、幾多の戦火をくぐり抜けてきた堅固な城砦がそびえていた。	おかのおえにわいくたのせんかおくぐりぬけてきたけんごなじょおさいがそびえてえた	おかのおえにわいくたのせんかおくぐりぬけてきたけんごなしろとりでがそびえてえた
休む→休んで、使う→使って	やすむやすんでつかうつかって	やすむ→やすんでつかう→つかって
宮崎の青島に行ったことがありますか。	みやざきのあおしまにいったことがありますか	みやざきのちんたおにいったことがありますか
急いでも、着くのは高々十分早くなるくらいだろう。	いそいでもつくのわたかだかじゅっぷんわやくなるくらいだろお	いそいでもつくのわたかだかじゅうぶんわやくなるくらいだろお
急ぎだと言われつつも、つい他の仕事を優先してしまった。	いそぎだといわれつつもついほかのしごとおゆうせんしてしまった	いそぎだといわれつつもついたのしごとおゆうせんしてしまった
急ブレーキをかけても、慣性のせいで荷物は前へ滑り出してしまった。	きゅうぶれえきおかけてもかんせえのせえでにもつわまえすべりだしてしまった	きゅうぶれきおかけてもかんせえのせえでにもつわまえすべりだしてしまった
強い風で、看板のねじが一本外れてしまったようだ。	つよいかぜでかんばんのねじがいっぽんわずれてしまったよおだ	つよいかぜでかんばんのねじがいちほんわずれてしまったよおだ
強い風でテーブルの書類がばらばらになってしまった。	つよいかぜでてえぶるのしょるいがばらばらになってしまった	つよいかぜでてぶるのしょるいがばらばらになってしまった
強い風のせいで、公園の木の枝が何本も折れてしまった。	つよいかぜのせえでこおえんのきのえだがなんぼんもおれてしまった	つよいかぜのせえでこおえんのきのえだがなんほんもおれてしまった
教科書の十ページを開いてください。	きょおかしょのじゅっぺえじおひらいてください	きょおかしょのじゅうぺじおひらいてください
教会の鐘の音が町中に響いていました。	きょおかいのかねのおとがまちじゅうにひびいてえました	きょおかいのかねのおとがまちなかにひびいてえました
極寒の朝、吐く息が瞬く間に白く凍りつくのが見えた。	ごっかんのあさわくいきがまたたくまにしろくこおりつくのがみえた	ごっかんのあさわくいきがまばたくまにしろくこおりつくのがみえた
緊張していたはずなのに、彼は大勢の前で堂々とスピーチをした。	きんちょおしてえたわずなのにかれわおぜえのまえでどおどおとすぴいちおした	きんちょおしてえたわずなのにかれわたいせえのまえでどおどおとすぴちおした
近くにおいしいラーメン屋はありますか。	ちかくにおいしいらあめんやわありますか	ちかくにおいしいらめんやわありますか
近所に新しいスーパーができました。	きんじょにあたらしいすうぱあができました	きんじょにあたらしいすぱができました
近年、AI技術の急速な発展により、様々な業界で自動化が進んでいます。一方で、人間にしかできない創造的な仕事の価値が、改めて見直されています。	きんねんえあいぎじゅつのきゅうそくなわってんによりさまざまなぎょおかいでじどおかがすすんでえますいっぽおでにんげんにしかできないそおぞおてきなしごとのかちがあらためてみなおされてえます	きんねんAIぎじゅつのきゅうそくなわってんによりさまざまなぎょおかいでじどおかがすすんでえますいっぽおでにんげんにしかできないそおぞおてきなしごとのかちがあらためてみなおされてえます
近年、インターネットの発達にともなって、働き方が大きく変わってきました。	きんねんいんたあねっとのわったつにともなってわたらきかたがおきくかわってきました	きんねんいんたねっとのわったつにともなってわたらきかたがおきくかわってきました
近年、物価の上昇が続いています。特に食料品とエネルギー価格の値上がりが、家計を圧迫しています。政府は対策を検討しているところです。	きんねんぶっかのじょおしょおがつずいてえますとくにしょくりょおひんとえねるぎいかかくのねあがりがかけえおあっぱくしてえますせえふわたいさくおけんとおしてえるところです	きんねんぶっかのじょおしょおがつずいてえますとくにしょくりょおひんとえねるぎかかくのねあがりがかけえおあっぱくしてえますせえふわたいさくおけんとおしてえるところです
金曜日に友だちのパーティーへ行きます。	きんよおびにともだちのぱあてぃいえきます	きんよおびにともだちのぱてぃえきます
銀行で通帳と現金を確認しました。貯金が少し増えていて、嬉しいです。	ぎんこおでつうちょおとげんきんおかくにんしましたちょきんがすこしふえてえてうれしいです	ぎんこおでかよいちょおとげんきんおかくにんしましたちょきんがすこしふえてえてうれしいです
銀行と郵便局の間にお店があります。	ぎんこおとゆうびんきょくのあいだにおみせがあります	ぎんこおとゆうびんきょくのまにおみせがあります
銀行のATMもあるので、いつでもお金をおろせます。	ぎんこおのえてぃいえむもあるのでえつでもおかねおろせます	ぎんこおのATMもあるのでえつでもおかねおろせます
九回裏の逆転満塁ホームランは、まさに起死回生の一打だった。	きゅうかいうらのぎゃくてんまんるいほおむらんわまさにきしかいせえのいちだだった	きゅうかいうらのぎゃくてんまんるいほむらんわまさにきしかいせえのいちだだった
九時に授業を始めます。	くじにじゅぎょおわじめます	きゅうじにじゅぎょおわじめます
苦労の末に手にした一杯だからこそ、この一杯は格別にうまい。	くろおのすえにてにしたいっぱいだからこそこのいっぱいわかくべつにうまい	くろおのすえにてにしたいちわいだからこそこのいちわいわかくべつにうまい
空港の入口でパスポートをチェックして、出口でタクシーに乗りました。	くうこおのいりぐちでぱすぽおとおちぇっくしてでぐちでたくしいにのりました	くうこおのいりぐちでぱすぽとおちぇっくしてでぐちでたくしにのりました
係の人は在留カードを見てから、裏に新しい住所を書いてくれました。	かかりのひとわざいりゅうかあどおみてからうらにあたらしいじゅうしょおかいてくれました	かかりのひとわざいりゅうかどおみてからうらにあたらしいじゅうしょおかいてくれました
兄はスポーツが好きだ。一方、弟は読書が好きだ。	あにわすぽおつがすきだいっぽおとおとわどくしょがすきだ	あにわすぽつがすきだいっぽおとおとわどくしょがすきだ
兄は堅実に貯金を続け、片や弟は稼いだ端から使い果たしてしまう。	あにわけんじつにちょきんおつずけかたやおとおとわかせえだわしからつかいわたしてしまう	あにわけんじつにちょきんおつずけかたやおとおとわかせえだわじからつかいわたしてしまう
契約が白紙に戻るに至った経緯を、担当者に詳しく説明してもらった。	けえやくがわくしにもどるにいたったけえおたんとおしゃにくわしくせつめえしてもらった	けえやくがわくしにもどるにいたったけえいおたんとおしゃにくわしくせつめえしてもらった
契約書をよく読まずにサインしてしまい、後悔しても今さら後の祭りだ。	けえやくしょおよくよまずにさいんしてしまいこおかいしてもいまさらあとのまつりだ	けえやくしょおよくよまずにさいんしてしまいこおかいしてもいまさらごのまつりだ
敬語すら苦手なのに、ましてやスピーチなんてとても無理だ。	けえごすらにがてなのにましてやすぴいちなんてとてもむりだ	けえごすらにがてなのにましてやすぴちなんてとてもむりだ
景気回復の兆候がようやく現れ始めたと、専門家の間で囁かれている。	けえきかいふくのちょおこおがよおやくあらわれわじめたとせんもんかのあいだでささやかれてえる	けえきかいふくのちょおこおがよおやくあらわれわじめたとせんもんかのまでささやかれてえる
経営陣と現場との間には、長年にわたる根深い軋轢があった。	けえじんとげんばとのあいだにわながねんにわたるねぶかいあつれきがあった	けえじんとげんばとのまにわながねんにわたるねぶかいあつれきがあった
経験に乏しい私でも、先輩方に支えられて何とかやっています。	けえけんにとぼしいわたしでもせんぱいかたにささえられてなにとかやってえます	けえけんにとぼしいわたしでもせんぱいかたにささえられてなんとかやってえます
経験豊かなコーチの指導のもと、選手たちは着実に力をつけた。	けえけんゆたかなこおちのしどおのもとせんしゅたちわちゃくじつにちからおつけた	けえけんゆたかなこちのしどおのもとせんしゅたちわちゃくじつにちからおつけた
経験豊富なベテランをもってしても、あの案件は手強かった。	けえけんほおふなべてらんおもってしてもあのあんけんわてごわかった	けえけんほおふなべてらんおもってしてもあのあんけんわてずよかった
経済が疲弊しているにもかかわらず、その国は過剰なまでに軍備の増強に予算を注ぎ込んでいる。	けえざいがひえしてえるにもかかわらずそのくにわかじょおなまでにぐんびのぞおきょおによさんおつぎこんでえる	けえざいがひえしてえるにもかかわらずそのくにわかじょおなまでにぐんびのぞおきょおによさんおそそぎこんでえる
経費の管理は会社のコンピューターで、ファイルとデータの整理が毎日の仕事。	けえひのかんりわかいしゃのこんぴゅうたあでふぁいるとでえたのせえりがまいにちのしごと	けえひのかんりわかいしゃのこんぴゅたでふぁいるとでたのせえりがまいにちのしごと
経費を大幅に削減する一方で、サービスの質は決して落とすまいと心に決めた。	けえひおわばにさくげんするいっぽおでさあびすのしつわけっしておとすまいとこころにきめた	けえひおわばにさくげんするいっぽおでさびすのしつわけっしておとすまいとこころにきめた
計画そのものは申し分ないが、人手不足という隘路をどう打開するかが課題だ。	けえかくそのものわもおしぶんないがひとでぶそくというあいろおどおだかいするかがかだいだ	けえかくそのものわもおしぶんないがひとでふそくという隘ろおどおだかいするかがかだいだ
警察は詐欺グループの主犯格を、逃亡先の海外で検挙した。	けえさつわさぎぐるうぷのしゅわんかくおとおぼおさきのかいがいでけんきょした	けえさつわさぎぐるぷのしゅわんかくおとおぼおさきのかいがいでけんきょした
警察は入念な内偵の末、詐欺グループを一網打尽にした。	けえさつわにゅうねんなないてえのすえさぎぐるうぷおいちもおだじんにした	けえさつわにゅうねんなないてえのすえさぎぐるぷおいちもおだじんにした
軽犯罪法違反で有罪となった男は、裁判所から十日間の拘留を命じられた。	けえわんざいほおいわんでゆうざいとなったおとこわさいばんしょからとおかかんのこおりゅうおめえじられた	けえわんざいほおいわんでゆうざいとなったおとこわさいばんしょからじゅうにちかんのこおりゅうおめえじられた
軽微な暴行罪で有罪判決を受けた被告人に、二十日間の拘留が科された。	けえびなぼおこおざいでゆうざいわんけつおけたひこくにんにわつかかんのこおりゅうがかされた	けえびなぼおこおざいでゆうざいわんけつおけたひこくじんににじゅうにちかんのこおりゅうがかされた
軽率な発言でプライバシーを世間に晒す結果となり、彼は深く後悔した。	けえそつなわつげんでぷらいばしいおせけんにさらすけっかとなりかれわふかくこおかいした	けえそつなわつげんでぷらいばしおせけんにさらすけっかとなりかれわふかくこおかいした
激しい腹痛に七転八倒し、救急車を呼ぶ羽目になった。	わげしいふくつうにしちてんばっとおしきゅうきゅうしゃおよぶわめになった	わげしいわらいたにしちてんばっとおしきゅうきゅうしゃおよぶわめになった
激しい腹痛に襲われ、彼は道端に蹲ったまま動けなくなった。	わげしいふくつうにおそわれかれわみちばたにうずくまったままうごけなくなった	わげしいわらいたにおそわれかれわみちばたにうずくまったままうごけなくなった
欠陥が判明したため、メーカーは該当製品をすべて回収すると発表した。	けっかんがわんめえしたためめえかあわがいとおせえひんおすべてかいしゅうするとわっぴょおした	けっかんがわんめえしたためめかわがいとおせえひんおすべてかいしゅうするとわっぴょおした
結果的に、軽い風邪と熱もあって、3日間入院になりました。	けっかてきにかるいかぜとねつもあってみっかかんにゅういんになりました	けっかてきにかるいかぜとねつもあってにちかんにゅういんになりました
結婚指輪と、シンプルなアクセサリーも忘れずに。	けっこんゆびわとしんぷるなあくせさりいもわすれずに	けっこんゆびわとしんぷるなあくせさりもわすれずに
結婚式の後はみんなでゲームをしたり、水泳もする予定です。	けっこんしきのあとわみんなでげえむおしたりすいえもするよてえです	けっこんしきののちわみんなでげむおしたりすいえもするよてえです
結婚式の前に、デパートでプレゼントを買いました。お土産もたくさん持っていきます。	けっこんしきのまえにでぱあとでぷれぜんとおかいましたおみやげもたくさんもってえきます	けっこんしきのまえにでぱとでぷれぜんとおかいましたおみやげもたくさんもってえきます
血流が途絶えた指先は、放置すれば壊疽を起こしかねない。	けつりゅうがとだえたゆびさきわほおちすればえそおこしかねない	ちりゅうがとだえたゆびさきわほおちすればえそおこしかねない
月末までにお支払いいただけるよう、請求書を本日中に発送いたします。	つきまつまでにおしわらいただけるよおせえきゅうしょおほんじつちゅうにわっそおいたします	げつまつまでにおしわらいただけるよおせえきゅうしょおほんじつちゅうにわっそおいたします
健康を維持するために、毎朝三十分ほど歩くようにしている。	けんこおいじするためにまいあささんじゅっぷんほどあるくよおにしてえる	けんこおいじするためにまいあささんじゅうふんほどあるくよおにしてえる
喧騒を離れ、彼は緑に囲まれた閑静な住宅街に居を構えることにした。	けんそおわなれかれわみどりにかこまれたかんせえなじゅうたくがいにいおかまえることにした	けんそおわなれかれわみどりにかこまれたかんせえなじゅうたくがいにきょおかまえることにした
検査の結果、直腸にごく小さなポリープが見つかった。	けんさのけっかちょくちょおにごくちいさなぽりいぷがみつかった	けんさのけっかちょくちょおにごくちいさなぽりぷがみつかった
見た目の売上高に惑わされず、まずは粗利がどれだけ確保できているかを見極めるべきだ。	みためのおりあげだかにまどわされずまずわあらりがどれだけかくほできてえるかおみきわめるべきだ	みためのおりあげだかにまどわされずまずわそりがどれだけかくほできてえるかおみきわめるべきだ
見る：見ます/見て/見られる/見させる	みるみますみてみられるみさせる	みる：みます/みて/みられる/みさせる
見学をご希望の方は、あらかじめ電話でご予約ください。	けんがくおごきぼおのかたわあらかじめでんわでごよやくください	けんがくおごきぼおのほおわあらかじめでんわでごよやくください
原告は損害賠償として一千万円の支払いを求めている。	げんこくわそんがいばいしょおとしてえっせんまんえんのしわらいおもとめてえる	げんこくわそんがいばいしょおとしてえちせんまんえんのしわらいおもとめてえる
厳しい練習を続けた結果、私たちのチームはついに優勝しました。	きびしいれんしゅうおつずけたけっかわたしたちのちいむわついにゆうしょおしました	きびしいれんしゅうおつずけたけっかわたしたちのちむわついにゆうしょおしました
現地に到着したら、利用するサービスをまず確認します。	げんちにとおちゃくしたらりよおするさあびすおまずかくにんします	げんちにとおちゃくしたらりよおするさびすおまずかくにんします
現地の状況が刻々と変化しているため、対応策も柔軟に見直さなければならない。	げんちのじょおきょおがこくこくとえんかしてえるためたいおさくもじゅうなんにみなおさなければならない	げんちのじょおきょおがこっこくとえんかしてえるためたいおさくもじゅうなんにみなおさなければならない
言葉少なな彼女の表情から、その心中を推し量るしかなかった。	ことばすくななかのじょのひょおじょおからそのしんちゅうおしわかるしかなかった	ことばすくななかのじょのひょおじょおからそのしんじゅうおしわかるしかなかった
限られた予算でこの品質を実現するのは、まさに至難の業と言えるだろう。	かぎられたよさんでこのひんしつおじつげんするのわまさにしなんのわざといえるだろお	かぎられたよさんでこのひんしつおじつげんするのわまさにしなんのごおといえるだろお
限りある資源を守るため、再生可能エネルギーへの転換が急がれている。	かぎりあるしげんおまもるためさいせえかのおえねるぎいえのてんかんがいそがれてえる	かぎりあるしげんおまもるためさいせえかのおえねるぎえのてんかんがいそがれてえる
個人情報を含む書類は、シュレッダーにかけたうえで廃棄するよう義務づけられている。	こじんじょおほおふくむしょるいわしゅれっだあにかけたうえでわいきするよおぎむずけられてえる	こじんじょおほおふくむしょるいわしゅれっだにかけたうえでわいきするよおぎむずけられてえる
個人情報を保護するため、パスワードは定期的に変更してください。	こじんじょおほおほごするためぱすわあどわてえきてきにえんこおしてください	こじんじょおほおほごするためぱすわどわてえきてきにえんこおしてください
個性の強いメンバーを一つに束ねるのは、並大抵のことではない。	こせえのつよいめんばあおひとつにたばねるのわなみたいてえのことでわない	こせえのつよいめんばおひとつにたばねるのわなみたいてえのことでわない
古い木の階段は、一歩踏むたびにギシギシと軋む。	ふるいきのかいだんわいっぽふむたびにぎしぎしときしむ	ふるいきのかいだんわいちほふむたびにぎしぎしときしむ
顧客アンケートをもとにして、サービスを改善した。	こきゃくあんけえとおもとにしてさあびすおかいぜんした	こきゃくあんけとおもとにしてさびすおかいぜんした
顧客からの苦情には、担当者が誠意をもって迅速に対応することが求められる。	こきゃくからのくじょおにわたんとおしゃがせえおもってじんそくにたいおすることがもとめられる	こきゃくからのくじょおにわたんとおしゃがせえいおもってじんそくにたいおすることがもとめられる
顧客の信頼を失うことは、とりもなおさず会社の存続を危うくすることに他ならない。	こきゃくのしんらいおしなうことわとりもなおさずかいしゃのそんぞくおあやうくすることにほかならない	こきゃくのしんらいおしなうことわとりもなおさずかいしゃのそんぞくおあやうくすることにたならない
午後から雨が降ります。	ごごからあめがふります	ごごからあめがおります
御堂筋線は大阪の南北を走る地下鉄です。梅田から難波まで約十分で行けます。	みどおすじせんわおさかのなんぼくおわしるちかてつですうめだからなんばまでやくじゅっぷんでえけます	みどおすじせんわおさかのなんぼくおわしるちかてつですうめだからなんばまでやくじゅうふんでえけます
公園でスニーカーを履いて走ります。	こおえんですにいかあおわいてわしります	こおえんですにかおわいてわしります
公園で子どもたちがボールで遊んでいます。	こおえんでこどもたちがぼおるであそんでえます	こおえんでこどもたちがぼるであそんでえます
公園の池には鳥がたくさん、近くの木の下に犬と猫がいました。	こおえんのいけにわとりがたくさんちかくのきのしたにいぬとねこがいました	こおえんのいけにわとりがたくさんちかくのこのしたにいぬとねこがいました
公開直後、その映画は評論家から酷評されたが、後に再評価された。	こおかいちょくごそのえがわひょおろんかからこくひょおされたがあとにさいひょおかされた	こおかいちょくごそのえがわひょおろんかからこくひょおされたがごにさいひょおかされた
公的機関の名を騙って金を振り込ませる手口が、後を絶たない。	こおてききかんのなおかたってきんおふりこませるてぐちがあとおたたない	こおてききかんのなおかたってきんおふりこませるてぐちがごおたたない
口先だけでなく、実際の行動で誠意を示すことが何より大切だ。	くちさきだけでなくじっさいのこおどおでせえおしめすことがなによりたいせつだ	くちさきだけでなくじっさいのこおどおでせえいおしめすことがなによりたいせつだ
工期の短さもさることながら、これほど大規模な工事を一社で請け負うのは異例だ。	こおきのみじかさもさることながらこれほどだいきぼなこおじおいっしゃでうけおのわいれえだ	こおきのみじかさもさることながらこれほどだいきぼなこおじおいちしゃでうけおのわいれえだ
工事の音が喧しくて、電話の声がほとんど聞こえませんでした。	こおじのおとがかまびすしくてでんわのこえがほとんどきこえませんでした	こおじのおとがやかましくてでんわのこえがほとんどきこえませんでした
幸い、事故による被害は軽微で、けが人は一人も出なかった。	さいわいじこによるひがいわけえびでけがにんわひとりもでなかった	さいわいじこによるひがいわけえびでけがにんわいちにんもでなかった
幸せの形なんて十人十色で、他人と比べても意味がない。	しあわせのかたちなんてじゅうにんといろでたにんとくらべてもいみがない	しあわせのかたちなんてじゅうにんじゅうしょくでたにんとくらべてもいみがない
広大な領土を一人の王が統べるのは、決して容易なことではなかった。	こおだいなりょおどおひとりのおがすべるのわけっしてよおいなことでわなかった	こおだいなりょおどおいちにんのおがすべるのわけっしてよおいなことでわなかった
港には巨大なタンカーが何隻も停泊し、その規模に圧倒された。	みなとにわきょだいなたんかあがなんせきもてえわくしそのきぼにあっとおされた	みなとにわきょだいなたんかがなんせきもてえわくしそのきぼにあっとおされた
荒天で遅れていたフェリーが、ようやく港に着岸した。	こおてんでおくれてえたふぇりいがよおやくみなとにちゃくがんした	こおてんでおくれてえたふぇりがよおやくみなとにちゃくがんした
荒野の只中に、その古城は数百年もの間、変わらず屹立してきた。	あらののただなかにそのこじょおわすうひゃくねんものかんかわらずきつりつしてきた	あらののただちゅうにそのこじょおわすうひゃくねんものかんかわらずきつりつしてきた
行き先は、前から気になっていた金沢です。	いきさきわまえからきになってえたかなざわです	ゆきさきわまえからきになってえたかなざわです
高熱で寝込んだ息子を、妻は一睡もせずに一晩中看病した。	こおねつでねこんだむすこおつまわいっすいもせずにひとばんじゅうかんびょおした	こおねつでねこんだむすこおつまわいっすいもせずにいちばんちゅうかんびょおした
高齢化が進むにつれて、介護サービスへの需要はますます高まっている。	こおれえかがすすむにつれてかいごさあびすえのじゅよおわますますたかまってえる	こおれえかがすすむにつれてかいごさびすえのじゅよおわますますたかまってえる
高齢者を狙った悪質な訪問販売が後を絶たず、当局は注意を呼びかけている。	こおれえしゃおねらったあくしつなほおもんわんばいがあとおたたずとおきょくわちゅういおよびかけてえる	こおれえしゃおねらったあくしつなほおもんわんばいがごおたたずとおきょくわちゅういおよびかけてえる
合格の通知がメールで届いたときは、思わず声を上げて喜んだ。	ごおかくのつうちがめえるでとどいたときわおもわずこえおあげてよろこんだ	ごおかくのつうちがめるでとどいたときわおもわずこえおあげてよろこんだ
合格の通知は、来週正式にメールで送られてくるそうです。	ごおかくのつうちわらいしゅうせえしきにめえるでおくられてくるそおです	ごおかくのつうちわらいしゅうせえしきにめるでおくられてくるそおです
合図とともに、選手たちは一斉にスタートを切った。	あいずとともにせんしゅたちわいっせえにすたあとおきった	あいずとともにせんしゅたちわいっせえにすたとおきった
刻一刻と千変万化する市場の動きを、正確に予測するのは至難の業だ。	こくいっこくとせんぺんばんかするしじょおのおごきおせえかくによそくするのわしなんのわざだ	こくいちこくとせんぺんばんかするしじょおのおごきおせえかくによそくするのわしなんのごおだ
国際会議でスピーチする機会を頂き、光栄の至りです。	こくさいかいぎですぴいちするきかいおいただきこおえのいたりです	こくさいかいぎですぴちするきかいおいただきこおえのいたりです
国際会議では、彼女が日本語と英語の通訳を一手に引き受けてくれた。	こくさいかいぎでわかのじょがにほんごとえごのつうやくおいってにひきうけてくれた	こくさいかいぎでわかのじょがにほんごとえごのつうやくおいちてにひきうけてくれた
惚れ込んでいる時は痘痕も靨で、相手の欠点すら愛おしく見えてしまうものだ。	ほれこんでえるときわあばたもえくぼであいてのけってんすらいとおしくみえてしまうものだ	ほれこんでえるときわあばたもえくぼであいてのけってんすらあいおしくみえてしまうものだ
骨董品の価値を見極めるには、長年の経験に裏打ちされた審美眼が欠かせない。	こっとおひんのかちおみきわめるにわながねんのけえけんにうらうちされたしんびがんがかかせない	こっとおひんのかちおみきわめるにわながねんのけえけんにうらうちされたしんびめがかかせない
今シーズンのチームは好調で、優勝も夢ではないと監督は語った。	こんしいずんのちいむわこおちょおでゆうしょおもゆめでわないとかんとくわかたった	こんしずんのちむわこおちょおでゆうしょおもゆめでわないとかんとくわかたった
今回のアンケートは、二十代の女性を対象に実施された。	こんかいのあんけえとわにじゅうだいのじょせえおたいしょおにじっしされた	こんかいのあんけとわにじゅうだいのじょせえおたいしょおにじっしされた
今回のアンケート結果は、概して好意的なものだった。	こんかいのあんけえとけっかわがいしてこおいてきなものだった	こんかいのあんけとけっかわがいしてこおいてきなものだった
今回のアンケート結果は、来年度の方針に十分に反映される予定だ。	こんかいのあんけえとけっかわらいねんどのほおしんにじゅうぶんにわんえされるよてえだ	こんかいのあんけとけっかわらいねんどのほおしんにじゅうぶんにわんえされるよてえだ
今回のキャンペーンは20代の女性を中心に展開します。	こんかいのきゃんぺえんわにじゅうだいのじょせえおちゅうしんにてんかいします	こんかいのきゃんぺんわだいのじょせえおちゅうしんにてんかいします
今回のプロジェクトでは、経験の浅い社員とベテランがチームを組むことになった。	こんかいのぷろじぇくとでわけえけんのあさいしゃいんとべてらんがちいむおくむことになった	こんかいのぷろじぇくとでわけえけんのあさいしゃいんとべてらんがちむおくむことになった
今回のプロジェクトの成否は、リーダーの力量にかかっていると言っても過言ではない。	こんかいのぷろじぇくとのせえひわりいだあのりきりょおにかかってえるといってもかごんでわない	こんかいのぷろじぇくとのせえひわりだのりきりょおにかかってえるといってもかごんでわない
今回の同窓会の幹事を任されたので、会場の予約から会費の徴収まで一手に引き受けることになった。	こんかいのどおそおかいのかんじおまかされたのでかいじょおのよやくからかいひのちょおしゅうまでえってにひきうけることになった	こんかいのどおそおかいのかんじおまかされたのでかいじょおのよやくからかいひのちょおしゅうまでえちてにひきうけることになった
今期の業績は、チームの努力いかんにかかっている。	こんきのぎょおせきわちいむのどりょくいかんにかかってえる	こんきのぎょおせきわちむのどりょくいかんにかかってえる
今月で20歳になります。誕生日は明後日の日曜日。来月から新しいクラブを始めます。	こんげつでにじゅっさいになりますたんじょおびわみょおごにちのにちよおびらいげつからあたらしいくらぶおわじめます	こんげつでさいになりますたんじょおびわみょおごにちのにちよおびらいげつからあたらしいくらぶおわじめます
今週は表彰、昇進、受賞といいことずくめの一週間だった。	こんしゅうわひょおしょおしょおしんじゅしょおといことずくめのいっしゅうかんだった	こんしゅうわひょおしょおしょおしんじゅしょおといことずくめのいちしゅうかんだった
今朝、コンビニで店員の仕事をしました。今日は午前7時から午後3時までです。	けさこんびにでてんいんのしごとおしましたきょおわごぜんしちじからごごさんじまでです	けさこんびにでてんいんのしごとおしましたきょおわごぜんじからごごじまでです
今度の交渉相手は海千山千の弁護士で、想像以上に手強かった。	こんどのこおしょおあいてわうみせんやませんのべんごしでそおぞおいじょおにてごわかった	こんどのこおしょおあいてわうみせんやませんのべんごしでそおぞおいじょおにてずよかった
今日の会議の議事録は、後で全員にメールで送っておきます。	きょおのかいぎのぎじろくわあとでぜんいんにめえるでおくっておきます	きょおのかいぎのぎじろくわあとでぜんいんにめるでおくっておきます
今日の晩ご飯はカレーです。	きょおのばんごわんわかれえです	きょおのばんごわんわかれです
今日はいい天気ですね。だから、電車ではなく、歩いて帰ります。30分ぐらいかかります。	きょおわいてんきですねだからでんしゃでわなくあるいてかえりますさんじゅっぷんぐらいかかります	きょおわいてんきですねだからでんしゃでわなくあるいてかえりますふんぐらいかかります
今日は何曜日ですか。	きょおわなんよおびですか	きょおわなによおびですか
今日は結婚十周年の記念日なので、妻を高級レストランに連れて行こうと思います。	きょおわけっこんじゅっしゅうねんのきねんびなのでつまおこおきゅうれすとらんにつれてえこおとおもいます	きょおわけっこんじゅうしゅうねんのきねんびなのでつまおこおきゅうれすとらんにつれてえこおとおもいます
今日は黒ずくめのコーディネートで出かけた。	きょおわくろずくめのこおでぃねえとででかけた	きょおわくろずくめのこでぃねとででかけた
今日は天気がいいので、洗濯物がすぐに乾くだろう。	きょおわてんきがいのでせんたくものがすぐにかわくだろお	きょおわてんきがいのでせんたくぶつがすぐにかわくだろお
今年の秋は、落ち着いた色合いのコートが流行しているらしい。	ことしのあきわおちついたいろあいのこおとがりゅうこおしてえるらしい	ことしのあきわおちついたいろあいのことがりゅうこおしてえるらしい
今年の冬は、この色のコートが流行しているらしい。	ことしのふゆわこのいろのこおとがりゅうこおしてえるらしい	ことしのふゆわこのいろのことがりゅうこおしてえるらしい
今年は天気に恵まれたおかげで、米の収穫がとても多かったです。	ことしわてんきにめぐまれたおかげでこめのしゅうかくがとてもおかったです	ことしわてんきにめぐまれたおかげでべえのしゅうかくがとてもおかったです
今年は天候に恵まれ、例年を上回る米の収穫が見込まれている。	ことしわてんこおにめぐまれれえねんおわまわるこめのしゅうかくがみこまれてえる	ことしわてんこおにめぐまれれえねんおわまわるべえのしゅうかくがみこまれてえる
今年は天候に恵まれて、米が例年より豊かに実りました。	ことしわてんこおにめぐまれてこめがれえねんよりゆたかにみのりました	ことしわてんこおにめぐまれてべえがれえねんよりゆたかにみのりました
困難な状況を乗り越えるには、一人の力より皆の知恵を集めることが大切だ。	こんなんなじょおきょおのりこえるにわひとりのちからよりみなのちえおあつめることがたいせつだ	こんなんなじょおきょおのりこえるにわいちにんのちからよりみなのちえおあつめることがたいせつだ
根拠のない噂がSNSを通じて瞬く間に流布し、収拾がつかなくなった。	こんきょのないうわさがえすえぬえすおつうじてまたたくまにるふししゅうしゅうがつかなくなった	こんきょのないうわさがSNSおつうじてまばたくまにるふししゅうしゅうがつかなくなった
根拠のない噂が瞬く間に社内に広がり、収拾がつかなくなった。	こんきょのないうわさがまたたくまにしゃないにひろがりしゅうしゅうがつかなくなった	こんきょのないうわさがまばたくまにしゃないにひろがりしゅうしゅうがつかなくなった
根拠のない噂はSNS上で瞬く間に増幅し、社会不安を煽った。	こんきょのないうわさわえすえぬえすじょおでまたたくまにぞおふくししゃかいふあんおあおった	こんきょのないうわさわSNSじょおでまばたくまにぞおふくししゃかいふあんおあおった
混んでいて、なかなかタクシーがつかまらない。	こんでえてなかなかたくしいがつかまらない	こんでえてなかなかたくしがつかまらない
些細な誤解を放置したせいで、二人の関係はすっかりこじれてしまった。	ささいなごかいおほおちしたせえでふたりのかんけえわすっかりこじれてしまった	ささいなごかいおほおちしたせえでににんのかんけえわすっかりこじれてしまった
再会したその日は、奇しくも二人が初めて出会った日とまったく同じ日付だった。	さいかいしたそのひわくしくもふたりがわじめてであったひとまったくおなじひずけだった	さいかいしたそのひわくしくもににんがわじめてであったひとまったくおなじひずけだった
再三再四注意したにもかかわらず、彼はいっこうに態度を改めようとしない。	さいさんさいしちゅういしたにもかかわらずかれわいっこおにたいどおあらためよおとしない	さいさんさいよんちゅういしたにもかかわらずかれわいっこおにたいどおあらためよおとしない
最近、あの二人は何となく距離を置いているように見える。	さいきんあのふたりわなんとなくきょりおいてえるよおにみえる	さいきんあのににんわなんとなくきょりおいてえるよおにみえる
最近、サッカーの試合をよく見ます。選手がボールを蹴って、ゴールを打つ瞬間が最高です。	さいきんさっかあのしあいおよくみますせんしゅがぼおるおけってごおるおつしゅんかんがさいこおです	さいきんさっかのしあいおよくみますせんしゅがぼるおけってごるおつしゅんかんがさいこおです
最近、レジ袋の有料化が進んでいます。多くのスーパーでは、一枚三円から五円かかります。エコバッグを持参する人が増えています。	さいきんれじぶくろのゆうりょおかがすすんでえますおくのすうぱあでわいちまいさんえんからごえんかかりますえこばっぐおじさんするひとがふえてえます	さいきんれじぶくろのゆうりょおかがすすんでえますおくのすぱでわいちまいさんえんからごえんかかりますえこばっぐおじさんするひとがふえてえます
最近、社会のニュースを見て、政治と経済、文化や歴史についてよく考えるようになりました。	さいきんしゃかいのにゅうすおみてせえじとけえざいぶんかやれきしについてよくかんがえるよおになりました	さいきんしゃかいのにゅすおみてせえじとけえざいぶんかやれきしについてよくかんがえるよおになりました
最近、若い人たちの間でも政治への関心が高まってきました。	さいきんわかいひとたちのあいだでもせえじえのかんしんがたかまってきました	さいきんわかいひとたちのまでもせえじえのかんしんがたかまってきました
最近は、サッカーの試合を見たり、テレビの番組をチェックしたりしています。	さいきんわさっかあのしあいおみたりてれびのばんぐみおちぇっくしたりしてえます	さいきんわさっかのしあいおみたりてれびのばんぐみおちぇっくしたりしてえます
最近は外国から輸入された果物がスーパーでよく売られている。	さいきんわがいこくからゆにゅうされたくだものがすうぱあでよくうられてえる	さいきんわがいこくからゆにゅうされたくだものがすぱでよくうられてえる
最近は原油の相場が乱高下しているので、投資には慎重にならざるを得ない。	さいきんわげんゆのそおばがらんこおげしてえるのでとおしにわしんちょおにならざるおえない	さいきんわげんゆのそおばがらんこおかしてえるのでとおしにわしんちょおにならざるおえない
最近は太陽光など、自然のエネルギーが注目されています。	さいきんわたいよおこおなどしぜんのえねるぎいがちゅうもくされてえます	さいきんわたいよおこおなどしぜんのえねるぎがちゅうもくされてえます
最後、勝つことができました!負けたチームも諦めずに頑張りました。	さいごかつことができましたまけたちいむもあきらめずにがんばりました	さいごかつことができましたまけたちむもあきらめずにがんばりました
最後にカーテンを開いて、星を見ました。明日も止まらないで、いい一日にしたいです。	さいごにかあてんおひらいてほしおみましたあしたもとまらないでえいちにちにしたいです	さいごにかてんおひらいてほしおみましたあしたもとまらないでえいちにちにしたいです
最後の入院は本当に辛くて、悲しいし、苦しい時間でした。	さいごのにゅういんわほんとおにからくてかなしいしくるしいじかんでした	さいごのにゅういんわほんとおにつらくてかなしいしくるしいじかんでした
最終回、彼は獅子奮迅の活躍でチームを逆転勝利に導いた。	さいしゅうかいかれわししふんじんのかつやくでちいむおぎゃくてんしょおりにみちびいた	さいしゅうかいかれわししふんじんのかつやくでちむおぎゃくてんしょおりにみちびいた
最終電車のアナウンスが流れるや否や、乗客が一斉にホームへ急いだ。	さいしゅうでんしゃのあなうんすがながれるやいなやじょおきゃくがいっせえにほおむえそいだ	さいしゅうでんしゃのあなうんすがながれるやいなやじょおきゃくがいっせえにほむえそいだ
最終盤で相手のミスに救われ、我がチームは辛くも初戦を勝ち抜いた。	さいしゅうばんであいてのみすにすくわれわがちいむわからくもしょせんおかちぬいた	さいしゅうばんであいてのみすにすくわれわがちむわからくもしょせんおかちぬいた
最新の調査によると、若い人の約六十パーセントが在宅勤務を希望しているそうです。理由として、通勤時間の節約が最も多く挙げられています。	さいしんのちょおさによるとわかいひとのやくろくじゅっぱあせんとがざいたくきんむおきぼおしてえるそおですりゆうとしてつうきんじかんのせつやくがもっともおくあげられてえます	さいしんのちょおさによるとわかいひとのやくろくじゅうぱせんとがざいたくきんむおきぼおしてえるそおですりゆうとしてつうきんじかんのせつやくがもっともおくあげられてえます
最新の調査によると、若い世代の半数以上がスマートフォンを一日五時間以上使用していることが分かりました。特にSNSの利用時間が増えています。	さいしんのちょおさによるとわかいせだいのわんすういじょおがすまあとふぉんおいちにちごじかんいじょおしよおしてえることがわかりましたとくにえすえぬえすのりよおじかんがふえてえます	さいしんのちょおさによるとわかいせだいのわんすういじょおがすまとふぉんおいちにちごじかんいじょおしよおしてえることがわかりましたとくにSNSのりよおじかんがふえてえます
最適な配合を見つけるまで、研究チームは何百回もの試行錯誤を重ねてきた。	さいてきなわいごおみつけるまでけんきゅうちいむわなんびゃっかいものしこおさくごおかさねてきた	さいてきなわいごおみつけるまでけんきゅうちむわなんひゃくかいものしこおさくごおかさねてきた
災害に備え、各家庭では一週間分の水や食料を備蓄することが推奨されている。	さいがいにそなえかくかてえでわいっしゅうかんぶんのみずやしょくりょおびちくすることがすいしょおされてえる	さいがいにそなえかくかてえでわいちしゅうかんぶんのみずやしょくりょおびちくすることがすいしょおされてえる
災害に備えて、飲料水と食料を最低三日分は確保しておくべきだ。	さいがいにそなえてえんりょおすいとしょくりょおさいてえみっかぶんわかくほしておくべきだ	さいがいにそなえてえんりょおすいとしょくりょおさいてえさんにちぶんわかくほしておくべきだ
災害に備えて、住民たちは自分たちで救助チームを組織した。	さいがいにそなえてじゅうみんたちわじぶんたちできゅうじょちいむおそしきした	さいがいにそなえてじゅうみんたちわじぶんたちできゅうじょちむおそしきした
祭りの日には、この通りは大勢の人出で賑やかになる。	まつりのひにわこのとおりわおぜえのひとででにぎやかになる	まつりのひにわこのとおりわたいせえのひとででにぎやかになる
在留カードとパスポートをお願いします。	ざいりゅうかあどとぱすぽおとおねがいします	ざいりゅうかどとぱすぽとおねがいします
作業中はこまめにファイルを保存しないと、データを失う恐れがある。	さぎょおちゅうわこまめにふぁいるおほぞんしないとでえたおしなうおそれがある	さぎょおちゅうわこまめにふぁいるおほぞんしないとでたおしなうおそれがある
昨日、ゲームをやりすぎました。	きのおげえむおやりすぎました	きのおげむおやりすぎました
昨日のコンサートは素晴らしかったです。	きのおのこんさあとわすばらしかったです	きのおのこんさとわすばらしかったです
桜の花は、風に吹かれてあっという間に散ってしまった。	さくらのわなわかぜにふかれてあっとゆうまにちってしまった	さくらのわなわかぜにふかれてあっというまにちってしまった
三時間も並んで、やっと人気のラーメン屋に入ることができました。	さんじかんもならんでやっとにんきのらあめんやにわいることができました	さんじかんもならんでやっとにんきのらめんやにわいることができました
三千円以上買えば、送料は無料になります。	さんぜんえんいじょおかえばそおりょおわむりょおになります	さんせんえんいじょおかえばそおりょおわむりょおになります
三日も寝ていないので、今は何も考えられない状態です。	みっかもねてえないのでえまわなにもかんがえられないじょおたいです	さんにちもねてえないのでえまわなにもかんがえられないじょおたいです
三年間努力して、ようやく日本語能力試験のN1を取得しました。	さんねんかんどりょくしてよおやくにほんごのおりょくしけんのえぬいちおしゅとくしました	さんねんかんどりょくしてよおやくにほんごのおりょくしけんのNおしゅとくしました
傘を忘れて、駅まで歩く間にすっかり濡れてしまった。	かさおわすれてえきまであるくあいだにすっかりぬれてしまった	かさおわすれてえきまであるくまにすっかりぬれてしまった
参加者が集まらなかったため、開始時間を三十分繰り下げました。	さんかしゃがあつまらなかったためかいしじかんおさんじゅっぷんくりさげました	さんかしゃがあつまらなかったためかいしじかんおさんじゅうふんくりさげました
参加者の到着が遅れているため、開演を三十分繰り下げます。	さんかしゃのとおちゃくがおくれてえるためかいえんおさんじゅっぷんくりさげます	さんかしゃのとおちゃくがおくれてえるためかいえんおさんじゅうふんくりさげます
参加者を三つのグループに分けて、それぞれ課題に取り組ませた。	さんかしゃおみっつのぐるうぷにわけてそれぞれかだいにとりくませた	さんかしゃおみっつのぐるぷにわけてそれぞれかだいにとりくませた
山の中では通信が不安定で、メールがなかなか送れなかった。	やまのなかでわつうしんがふあんてえでめえるがなかなかおくれなかった	やまのなかでわつうしんがふあんてえでめるがなかなかおくれなかった
散歩もしながら、ガーデニングを楽しみたいです。	さんぽもしながらがあでにんぐおたのしみたいです	さんぽもしながらがでにんぐおたのしみたいです
残ったスープは容器に入れて冷蔵庫に保存してください。	のこったすうぷわよおきにいれてれえぞおこにほぞんしてください	のこったすぷわよおきにいれてれえぞおこにほぞんしてください
残業代の未払いが発覚し、労務管理のずさんさが厳しく問われることとなった。	ざんぎょおだいのみばらいがわっかくしろおむかんりのずさんさがきびしくとわれることとなった	ざんぎょおだいのみわらいがわっかくしろおむかんりのずさんさがきびしくとわれることとなった
仕事とプライベートは、しっかり気持ちを切り替えるようにしている。	しごととぷらいべえとわしっかりきもちおきりかえるよおにしてえる	しごととぷらいべとわしっかりきもちおきりかえるよおにしてえる
仕事のあとに飲む冷たいビールは、堪らなくおいしい。	しごとのあとにのむつめたいびいるわたまらなくおいしい	しごとのあとにのむつめたいびるわたまらなくおいしい
仕事の内容は、注文を取ったり、コーヒーを作ったり、テーブルをかたづけたりすることです。	しごとのないよおわちゅうもんおとったりこおひいおつくったりてえぶるおかたずけたりすることです	しごとのないよおわちゅうもんおとったりこひおつくったりてぶるおかたずけたりすることです
仕事は大変だが、給料がいいので何とか続けられている。	しごとわたいえんだがきゅうりょおがいのでなにとかつずけられてえる	しごとわたいえんだがきゅうりょおがいのでなんとかつずけられてえる
使い方がわからなければ、私がもう一度説明いたします。	つかいかたがわからなければわたしがもおいちどせつめえたします	つかいかたがわからなければわたしがもおいちどせつめえいたします
使者は貢ぎ物を朝廷に恭しく奉った。	ししゃわみつぎものおちょおてえにうやうやしくたてまつった	ししゃわみつぎぶつおちょおてえにうやうやしくまつった
姉がマフラーを編んでくれました。	あねがまふらあおあんでくれました	あねがまふらおあんでくれました
姉は毎日ピアノを弾きます。	あねわまいにちぴあのおひきます	あねわまいにちぴあのおわじきます
子どもがおもちゃを部屋中に散らかしたので、片付けるのに一時間もかかった。	こどもがおもちゃおえやじゅうにちらかしたのでかたずけるのにいちじかんもかかった	こどもがおもちゃおえやちゅうにちらかしたのでかたずけるのにいちじかんもかかった
子どもがおもちゃを部屋中に散らかして、片付けようともしない。	こどもがおもちゃおえやじゅうにちらかしてかたずけよおともしない	こどもがおもちゃおえやちゅうにちらかしてかたずけよおともしない
子どもが思いっきりボールを蹴ったら、隣の家の窓に当たってしまった。	こどもがおもいっきりぼおるおけったらとなりのいえのまどにあたってしまった	こどもがおもいっきりぼるおけったらとなりのいえのまどにあたってしまった
子どもの頃、夕焼けが消えてしまうまで、我を忘れて遊びに興じたものだ。	こどものころゆうやけがきえてしまうまでがおわすれてあそびにきょおじたものだ	こどものころゆうやけがきえてしまうまでわがおわすれてあそびにきょおじたものだ
子どもはジュースが好きです。	こどもわじゅうすがすきです	こどもわじゅすがすきです
子供に服を汚されてしまい、洗濯物が増えて困っています。	こどもにふくおよごされてしまいせんたくものがふえてこまってえます	こどもにふくおよごされてしまいせんたくぶつがふえてこまってえます
子供のころ、一人で寝るのが恐かったです。	こどものころひとりでねるのがこわかったです	こどものころいちにんでねるのがこわかったです
子供の頃、苦手なピーマンを食べさせられました。	こどものころにがてなぴいまんおたべさせられました	こどものころにがてなぴまんおたべさせられました
市街地と言わず郊外と言わず、町中がお祭りムードに包まれた。	しがいちといわずこおがいといわずまちじゅうがおまつりむうどにつつまれた	しがいちといわずこおがいといわずまちなかがおまつりむどにつつまれた
市場の潮目をいち早く読む達眼が、彼を成功へと導いた。	しじょおのしおめおいちわやくよむたつがんがかれおせえこおえとみちびいた	しじょおのしおめおいちわやくよむいたるめがかれおせえこおえとみちびいた
市役所で住所変更の届出をした後、領事館で予約を取ってビザの手続きをしました。	しやくしょでじゅうしょえんこおのとどけでおしたあとりょおじかんでよやくおとってびざのてつずきおしました	しやくしょでじゅうしょえんこおのとどけでおしたのちりょおじかんでよやくおとってびざのてつずきおしました
市役所などが配る地図を見て、避難所までの道を確認しておきましょう。	しやくしょなどがくばるちずおみてひなんじょまでのみちおかくにんしておきましょお	しやくしょなどがくばるちずおみてひなんしょまでのみちおかくにんしておきましょお
指を曲げたり、腕を回したり、首を回したり、肩のストレッチも一通り。	ゆびおまげたりうでおまわしたりくびおまわしたりかたのすとれっちもひととおり	ゆびおまげたりうでおまわしたりくびおまわしたりかたのすとれっちもいちとおり
指示が二人からばらばらに出されたので、現場はすっかり混乱してしまった。	しじがふたりからばらばらにだされたのでげんばわすっかりこんらんしてしまった	しじがににんからばらばらにだされたのでげんばわすっかりこんらんしてしまった
施設の周囲は二十四時間、カメラで監視されている。	しせつのしゅういわにじゅうよじかんかめらでかんしされてえる	しせつのしゅういわにじゅうよんじかんかめらでかんしされてえる
私が書いたエッセイが、雑誌の特集ページに掲載されました。	わたしがかいたえっせえがざっしのとくしゅうぺえじにけえさいされました	わたしがかいたえっせえがざっしのとくしゅうぺじにけえさいされました
私の家族は四人です。	わたしのかぞくわよにんです	わたしのかぞくわよんにんです
私の研究のテーマは、外国人への日本語教育について。	わたしのけんきゅうのてえまわがいこくじんえのにほんごきょおいくについて	わたしのけんきゅうのてまわがいこくじんえのにほんごきょおいくについて
私の部屋は5階で、門の前に大きな木があります。	わたしのえやわごかいでもんのまえにおきなきがあります	わたしのえやわかいでもんのまえにおきなきがあります
私は2000年に生まれました。今は社会人になりたいと考えています。	わたしわにせんねんにうまれましたいまわしゃかいじんになりたいとかんがえてえます	わたしわねんにうまれましたいまわしゃかいじんになりたいとかんがえてえます
私はサラリーマンです。毎日スーツとネクタイで出勤します。	わたしわさらりいまんですまいにちすうつとねくたいでしゅっきんします	わたしわさらりまんですまいにちすつとねくたいでしゅっきんします
私は甘いお菓子より、コーヒーや紅茶のほうが好きです。	わたしわあまいおかしよりこおひいやこおちゃのほおがすきです	わたしわあまいおかしよりこひやこおちゃのほおがすきです
私は守りに専念。激しい競争でした。	わたしわまもりにせんねんわげしいきょおそおでした	わたしわもりにせんねんわげしいきょおそおでした
私は毎朝七時に起きる。	わたしわまいあさしちじにおきる	わたしわまいあさななじにおきる
私は卵アレルギーがあるので、このケーキは食べられません。	わたしわたまごあれるぎいがあるのでこのけえきわたべられません	わたしわたまごあれるぎがあるのでこのけきわたべられません
脂っこいものを食べすぎたせいか、なかなか消化されず、胃がもたれている。	あぶらっこいものおたべすぎたせえかなかなかしょおかされずいがもたれてえる	やにっこいものおたべすぎたせえかなかなかしょおかされずいがもたれてえる
試合の前、監督は選手たちを一人ずつ激励して、自信を持たせました。	しあいのまえかんとくわせんしゅたちおひとりずつげきれえしてじしんおもたせました	しあいのまえかんとくわせんしゅたちおいちにんずつげきれえしてじしんおもたせました
試合の日は、家族みんなでチームを応援しに行きます。	しあいのひわかぞくみんなでちいむおえんしにいきます	しあいのひわかぞくみんなでちむおえんしにいきます
試合終了間際に一点を返し、みごとに逆転してみせた。	しあいしゅうりょおまぎわにいってんおかえしみごとにぎゃくてんしてみせた	しあいしゅうりょおまぎわにいちてんおかえしみごとにぎゃくてんしてみせた
試合中、相手を追いかけて、ボールを捕まえようとしましたが、相手選手が逃げました。最後にゴール前で捕まりました。	しあいちゅうあいておいかけてぼおるおつかまえよおとしましたがあいてせんしゅがにげましたさいごにごおるまえでつかまりました	しあいちゅうあいておいかけてぼるおつかまえよおとしましたがあいてせんしゅがにげましたさいごにごるまえでつかまりました
資格試験に合格するために、毎日図書館へ通っています。	しかくしけんにごおかくするためにまいにちとしょかんえかよってえます	しかくしけんにごおかくするためにまいにちとしょかんえとおってえます
資金は残りわずかだったが、一か八か新規事業に全額を投じることにした。	しきんわのこりわずかだったがいちかばちかしんきじぎょおにぜんがくおとおじることにした	しきんわのこりわずかだったがいちかわちかしんきじぎょおにぜんがくおとおじることにした
資金繰りが行き詰まり、会社は倒産するかどうかの瀬戸際に立たされている。	しきんぐりがいきずまりかいしゃわとおさんするかどおかのせとさいにたたされてえる	しきんぐりがいきずまりかいしゃわとおさんするかどおかのせとぎわにたたされてえる
資料は10部コピーしてください。あ、部長のぶんもいるので、やっぱり11部おねがいします。	しりょおわじゅうぶこぴいしてくださいあぶちょおのぶんもいるのでやっぱりじゅういちぶおねがいします	しりょおわぶこぴしてくださいあぶちょおのぶんもいるのでやっぱりぶおねがいします
歯の治療に、毎週病院へ通っています。	わのちりょおにまいしゅうびょおいんえかよってえます	わのちりょおにまいしゅうびょおいんえとおってえます
歯医者で虫歯を一本抜かれて、しばらく話しにくかった。	わいしゃでむしばおいっぽんぬかれてしばらくわなしにくかった	わいしゃでむしばおいちほんぬかれてしばらくわなしにくかった
事件の報道が過熱し、被害者のプライバシーが侵害されている。	じけんのほおどおがかねつしひがいしゃのぷらいばしいがしんがいされてえる	じけんのほおどおがかねつしひがいしゃのぷらいばしがしんがいされてえる
事故のニュースが飛び込むまで、その町の暮らしは実に平穏なものだった。	じこのにゅうすがとびこむまでそのまちのくらしわじつにえおんなものだった	じこのにゅすがとびこむまでそのまちのくらしわじつにえおんなものだった
事故の現場には、大勢の記者が集まって取材していました。	じこのげんばにわおぜえのきしゃがあつまってしゅざいしてえました	じこのげんばにわたいせえのきしゃがあつまってしゅざいしてえました
事故の真相を徹底的に究明することが、遺族への何よりの誠意だ。	じこのしんそおてってえてきにきゅうめえすることがいぞくえのなによりのせえだ	じこのしんそおてってえてきにきゅうめえすることがいぞくえのなによりのせえいだ
事故を防止するために、工場では厳しいルールが決められている。	じこおぼおしするためにこおじょおでわきびしいるうるがきめられてえる	じこおぼおしするためにこおじょおでわきびしいるるがきめられてえる
事前に十分打ち合わせをしておいたおかげで、当日の進行は実にスムーズだった。	じぜんにじゅうぶんうちあわせおしておいたおかげでとおじつのしんこおわじつにすむうずだった	じぜんにじゅうぶんうちあわせおしておいたおかげでとおじつのしんこおわじつにすむずだった
時々コーヒーを飲みます。	ときどきこおひいおのみます	ときどきこひおのみます
時間が限られているので、提案の骨子だけを手短にご説明いたします。	じかんがかぎられてえるのでてえあんのこっしだけおてみじかにごせつめえたします	じかんがかぎられてえるのでてえあんのこっしだけおてみじかにごせつめえいたします
時間的にも物理的にも、一人でこの量をこなすのは不可能だ。	じかんてきにもぶつりてきにもひとりでこのりょおこなすのわふかのおだ	じかんてきにもぶつりてきにもいちにんでこのりょおこなすのわふかのおだ
次の角を右に曲がってください。	つぎのかどおみぎにまがってください	つぎのかくおみぎにまがってください
自画自賛になりますが、今回のプロジェクトの成功はチーム全員の努力の賜物だと自負しています。	じがじさんになりますがこんかいのぷろじぇくとのせえこおわちいむぜんいんのどりょくのたまものだとじふしてえます	じがじさんになりますがこんかいのぷろじぇくとのせえこおわちむぜんいんのどりょくのたまものだとじふしてえます
自転車のブレーキが効かなくなったので、駅前の店で修理してもらった。	じてんしゃのぶれえきがきかなくなったのでえきまえのみせでしゅうりしてもらった	じてんしゃのぶれきがきかなくなったのでえきまえのみせでしゅうりしてもらった
自転車は車道ではなく、歩道の端をゆっくり走らせてください。	じてんしゃわしゃどおでわなくほどおのわしおゆっくりわしらせてください	じてんしゃわしゃどおでわなくほどおのわじおゆっくりわしらせてください
式典は、大勢の参列者が見守る中、粛々と執り行われた。	しきてんわおぜえのさんれつしゃがみまもるなかしゅくしゅくととりおこなわれた	しきてんわたいせえのさんれつしゃがみまもるなかしゅくしゅくととりおこなわれた
七時に家を出ます。	しちじにいえおでます	ななじにいえおでます
七時半にいえをでて、でんしゃでかいしゃへいきます。	しちじわんにいえおでてでんしゃでかいしゃえきます	ななじわんにいえおでてでんしゃでかいしゃえきます
失敗を恐れていては、新しいことには何一つ挑戦できない。	しっぱいおそれてえてわあたらしいことにわなんひとつちょおせんできない	しっぱいおそれてえてわあたらしいことにわなにひとつちょおせんできない
実験データの改竄が発覚し、その論文は撤回を余儀なくされた。	じっけんでえたのかいざんがわっかくしそのろんぶんわてっかいおよぎなくされた	じっけんでたのかいざんがわっかくしそのろんぶんわてっかいおよぎなくされた
実力者と目されていた選手が初戦で敗れるとは、まったく意外な結果だった。	じつりょくしゃともくされてえたせんしゅがしょせんでやぶれるとわまったくいがいなけっかだった	じつりょくしゃとめされてえたせんしゅがしょせんでやぶれるとわまったくいがいなけっかだった
社員の個人情報が漏れないよう、パスワードは厳重に管理されています。	しゃいんのこじんじょおほおがもれないよおぱすわあどわげんじゅうにかんりされてえます	しゃいんのこじんじょおほおがもれないよおぱすわどわげんじゅうにかんりされてえます
社会のニュースを見ます。	しゃかいのにゅうすおみます	しゃかいのにゅすおみます
社会人である上は、社会のルールを守るべきだ。	しゃかいじんであるうえわしゃかいのるうるおまもるべきだ	しゃかいじんであるうえわしゃかいのるるおまもるべきだ
社交界にデビューした彼女は、華麗なドレスで人々の視線を独占した。	しゃこおかいにでびゅうしたかのじょわかれえなどれすでひとびとのしせんおどくせんした	しゃこおかいにでびゅしたかのじょわかれえなどれすでひとびとのしせんおどくせんした
社内で使う書類のフォーマットを統一することになりました。	しゃないでつかうしょるいのふぉおまっとおとおいつすることになりました	しゃないでつかうしょるいのふぉまっとおとおいつすることになりました
社内に諦めムードが蔓延し、誰も改革に手をつけようとしない。	しゃないにあきらめむうどがまんえんしだれもかいかくにておつけよおとしない	しゃないにあきらめむどがまんえんしだれもかいかくにておつけよおとしない
社内の規則で、勤務時間は午前九時から午後六時までと規定されています。	しゃないのきそくできんむじかんわごぜんくじからごごろくじまでときてえされてえます	しゃないのきそくできんむじかんわごぜんきゅうじからごごろくじまでときてえされてえます
社内規則で、勤務時間は九時から六時までと規定されている。	しゃないきそくできんむじかんわくじからろくじまでときてえされてえる	しゃないきそくできんむじかんわきゅうじからろくじまでときてえされてえる
借金がかさむと、元本どころか利息を返すだけで精一杯という状況に陥りかねない。	しゃっきんがかさむとがんぽんどころかりそくおかえすだけでせえっぱいというじょおきょおにおちいりかねない	しゃっきんがかさむとがんぽんどころかりそくおかえすだけでせえいっぱいというじょおきょおにおちいりかねない
若い技術者たちが、この国の産業を担っていくことになる。	わかいぎじゅつものたちがこのくにのさんぎょおになってえくことになる	わかいぎじゅつしゃたちがこのくにのさんぎょおになってえくことになる
若い世代の間で、環境に配慮した農業への関心が高まっている。	わかいせだいのあいだでかんきょおにわいりょしたのおぎょおえのかんしんがたかまってえる	わかいせだいのまでかんきょおにわいりょしたのおぎょおえのかんしんがたかまってえる
若手デザイナーが提案した斬新なデザインが、審査員に高く評価された。	わかてでざいなあがてえあんしたざんしんなでざいんがしんさいんにたかくひょおかされた	わかてでざいながてえあんしたざんしんなでざいんがしんさいんにたかくひょおかされた
弱冠二十歳でこれほど緻密な論文を書き上げるとは、審査員一同が舌を巻いた。	じゃっかんにじゅっさいでこれほどちみつなろんぶんおかきあげるとわしんさいんいちどおがしたおまいた	じゃっかんにじゅうさいでこれほどちみつなろんぶんおかきあげるとわしんさいんいちどおがしたおまいた
主力選手の相次ぐ故障で、チームは開幕早々にして苦境に立たされた。	しゅりょくせんしゅのあいつぐこしょおでちいむわかいまくそおそおにしてくきょおにたたされた	しゅりょくせんしゅのあいつぐこしょおでちむわかいまくそおそおにしてくきょおにたたされた
取り調べの間、容疑者は一貫して黙秘し、一言も語ろうとしなかった。	とりしらべのあいだよおぎしゃわいっかんしてもくひしひとこともかたろおとしなかった	とりしらべのまよおぎしゃわいっかんしてもくひしひとこともかたろおとしなかった
取り締まりが緩んだ隙に、街には悪質な密売人が跋扈し始めた。	とりしまりがゆるんだすきにまちにわあくしつなみつばいじんがばっこしわじめた	とりしまりがゆるんだひまにまちにわあくしつなみつばいじんがばっこしわじめた
取材もせずに書かれたその記事は、後に全面的な捏造であったことが判明した。	しゅざいもせずにかかれたそのきじわあとにぜんめんてきなねつぞおであったことがわんめえした	しゅざいもせずにかかれたそのきじわごにぜんめんてきなねつぞおであったことがわんめえした
取材をやめろと、その男は電話口でしつこく記者を恫喝してきた。	しゅざいおやめろとそのおとこわでんわこおでしつこくきしゃおどおかつしてきた	しゅざいおやめろとそのおとこわでんわぐちでしつこくきしゃおどおかつしてきた
守りを固める相手の意表を突く奇策が、まんまと功を奏した。	まもりおかためるあいてのいひょおつくきさくがまんまとこおそおした	もりおかためるあいてのいひょおつくきさくがまんまとこおそおした
手術は無事に成功し、患者は一週間ほどで退院できる見込みだ。	しゅじゅつわぶじにせえこおしかんじゃわいっしゅうかんほどでたいんできるみこみだ	しゅじゅつわぶじにせえこおしかんじゃわいちしゅうかんほどでたいんできるみこみだ
手続きがすべて完了しましたので、明日から新しいサービスをご利用いただけます。	てつずきがすべてかんりょおしましたのであしたからあたらしいさあびすおごりよおいただけます	てつずきがすべてかんりょおしましたのであしたからあたらしいさびすおごりよおいただけます
手続きが完了しましたら、確認のメールをお送りいたします。	てつずきがかんりょおしましたらかくにんのめえるおくりいたします	てつずきがかんりょおしましたらかくにんのめるおくりいたします
手続きが煩雑すぎて、助成金の申請を諦める中小企業が後を絶たない。	てつずきがわんざつすぎてじょせえきんのしんせえおあきらめるちゅうしょおきぎょおがあとおたたない	てつずきがわんざつすぎてじょせえきんのしんせえおあきらめるちゅうしょおきぎょおがごおたたない
手続きに関するお問い合わせは、市役所の一階の窓口で承っております。	てつずきにかんするおといあわせわしやくしょのいっかいのまどぐちでうけたまわっております	てつずきにかんするおといあわせわしやくしょのいちかいのまどぐちでうけたまわっております
首位の座をめぐる両チームの熾烈な争いは、最終戦までもつれ込んだ。	しゅいのざおめぐるりょおちいむのしれつなあらそいわさいしゅうせんまでもつれこんだ	しゅいのざおめぐるりょおちむのしれつなあらそいわさいしゅうせんまでもつれこんだ
受賞式の会場には、各界を代表する著名人がずらりと顔をそろえていた。	じゅしょおしきのかいじょおにわかくかいおだいひょおするちょめえひとがずらりとかおそろえてえた	じゅしょおしきのかいじょおにわかくかいおだいひょおするちょめえじんがずらりとかおそろえてえた
授業は九時に始まります。	じゅぎょおわくじにわじまります	じゅぎょおわきゅうじにわじまります
授賞式の会場は、多くの著名人が集まり華やかな雰囲気に包まれていた。	じゅしょおしきのかいじょおわおくのちょめえひとがあつまりわなやかなふんいきにつつまれてえた	じゅしょおしきのかいじょおわおくのちょめえじんがあつまりわなやかなふんいきにつつまれてえた
需要の急激な高まりを受け、メーカーは主力製品を大幅に増産することを決めた。	じゅよおのきゅうげきなたかまりおけめえかあわしゅりょくせえひんおわばにぞおさんすることおきめた	じゅよおのきゅうげきなたかまりおけめかわしゅりょくせえひんおわばにぞおさんすることおきめた
収入が固定されていないフリーランスは、将来の設計を立てにくい。	しゅうにゅうがこてえされてえないふりいらんすわしょおらいのせっけえおたてにくい	しゅうにゅうがこてえされてえないふりらんすわしょおらいのせっけえおたてにくい
周囲が彼の突飛な計画を嗤う中、彼だけは本気でそれを信じていた。	しゅういがかれのとっぴなけえかくおわらうなかかれだけわほんきでそれおしんじてえた	しゅういがかれのとっぴなけえかくお嗤うなかかれだけわほんきでそれおしんじてえた
周囲の協力が得られないなか、彼女はたった一人で孤軍奮闘し続けた。	しゅういのきょおりょくがえられないなかかのじょわたったひとりでこぐんふんとおしつずけた	しゅういのきょおりょくがえられないなかかのじょわたったいちにんでこぐんふんとおしつずけた
就活中の学生にとって、この情報は貴重だ。	しゅうかつちゅうのがくせえにとってこのじょおほおわきちょおだ	就かつちゅうのがくせえにとってこのじょおほおわきちょおだ
終わった後、血の流れが良くなって、声まで元気になります。	おわったあとちのながれがよくなってこえまでげんきになります	おわったのちちのながれがよくなってこえまでげんきになります
終電を逃したので、駅近のホテルに泊まらざるを得なかった。	しゅうでんおのがしたのでえきちかのほてるにとまらざるおえなかった	しゅうでんおのがしたのでえきこんのほてるにとまらざるおえなかった
週末にスーパーで一週間分の食料品を買います。	しゅうまつにすうぱあでえっしゅうかんぶんのしょくりょおひんおかいます	しゅうまつにすぱでえちしゅうかんぶんのしょくりょおひんおかいます
週末に限らず、平日もリモートワーク可能な会社が増えた。	しゅうまつにかぎらずえじつもりもおとわあくかのおなかいしゃがふえた	しゅうまつにかぎらずえじつもりもとわくかのおなかいしゃがふえた
週末は晴れです。→ 週末は晴れだ。	しゅうまつわわれですしゅうまつわわれだ	しゅうまつわわれです→しゅうまつわわれだ
週末は大抵家で読書をして過ごす。	しゅうまつわたいてえでどくしょおしてすごす	しゅうまつわたいてえかでどくしょおしてすごす
集めたデータを内容ごとに分類すると、分析がずっと楽になります。	あつめたでえたおないよおごとにぶんるいするとぶんせきがずっとらくになります	あつめたでたおないよおごとにぶんるいするとぶんせきがずっとらくになります
住宅ローンを組むなら、利率が低いうちに決めたほうがいいですよ。	じゅうたくろおんおくむならりりつがひくいうちにきめたほおがいですよ	じゅうたくろんおくむならりりつがひくいうちにきめたほおがいですよ
住宅ローンを組む際は、各銀行の利率を比較して選ぶべきだ。	じゅうたくろおんおくむさいわかくぎんこおのりりつおひかくしてえらぶべきだ	じゅうたくろんおくむさいわかくぎんこおのりりつおひかくしてえらぶべきだ
従業員の健康を守ることは、延いては会社全体の生産性の向上にもつながる。	じゅうぎょおいんのけんこおまもることわひいてわかいしゃぜんたいのせえさんせえのこおじょおにもつながる	じゅうぎょおいんのけんこおまもることわのべえてわかいしゃぜんたいのせえさんせえのこおじょおにもつながる
重いから、この机を一人で動かせない。	おもいからこのつくえおひとりでうごかせない	おもいからこのつくえおいちにんでうごかせない
重い物を引いたり、押したり、手を振って応援したり、ボールを握って力を入れたり。	おもいものおひいたりおしたりておふっておえんしたりぼおるおにぎってちからおいれたり	おもいものおひいたりおしたりておふっておえんしたりぼるおにぎってちからおいれたり
重要なページに付箋を挟んでおくと、後で探しやすいですよ。	じゅうよおなぺえじにふせんおわさんでおくとあとでさがしやすいですよ	じゅうよおなぺじにふせんおわさんでおくとあとでさがしやすいですよ
出勤するまえに、ニュースを見ます。	しゅっきんするまえににゅうすおみます	しゅっきんするまえににゅすおみます
出席者数が定員を大幅に下回ったため、講演会は中止された。	しゅっせきしゃすうがてえんおわばにしたまわったためこおえんかいわちゅうしされた	しゅっせきしゃすうがてえいんおわばにしたまわったためこおえんかいわちゅうしされた
出張で不在の間に、会社で人事異動が発表された。	しゅっちょおでふざいのあいだにかいしゃでじんじいどおがわっぴょおされた	しゅっちょおでふざいのまにかいしゃでじんじいどおがわっぴょおされた
準備不足だったので、案の定プレゼンはうまくいかなかった。	じゅんびぶそくだったのであんのじょおぷれぜんわうまくいかなかった	じゅんびふそくだったのであんのじょおぷれぜんわうまくいかなかった
準備不足のまま臨んだ交渉は、案の定うまくいかなかった。	じゅんびぶそくのままのぞんだこおしょおわあんのじょおまくいかなかった	じゅんびふそくのままのぞんだこおしょおわあんのじょおうまくいかなかった
順風満帆に見えた事業も一夜で傾いた。まさに一寸先は闇だ。	じゅんぷうまんぱんにみえたじぎょおもいちやでかたむいたまさにいっすんさきわやみだ	じゅんぷうまんほにみえたじぎょおもいちやでかたむいたまさにいっすんさきわやみだ
初めてのスピーチの前で、心臓がどきどきして止まらなかった。	わじめてのすぴいちのまえでしんぞおがどきどきしてとまらなかった	わじめてのすぴちのまえでしんぞおがどきどきしてとまらなかった
初めて会ったのに、話してみると二人には意外と共通点が多かった。	わじめてあったのにわなしてみるとふたりにわいがいときょおつうてんがおかった	わじめてあったのにわなしてみるとににんにわいがいときょおつうてんがおかった
初対面にもかかわらず、二人は音楽の趣味ですっかり意気投合してしまった。	しょたいめんにもかかわらずふたりわおんがくのしゅみですっかりいきとおごおしてしまった	しょたいめんにもかかわらずににんわおんがくのしゅみですっかりいきとおごおしてしまった
暑いので、帽子を被って出かけます。	あついのでぼおしおかぶってでかけます	あついのでぼおしおこおむってでかけます
暑さに耐えきれず、子どもたちは次々とプールに飛び込んだ。	あつさにたえきれずこどもたちわつぎつぎとぷうるにとびこんだ	あつさにたえきれずこどもたちわつぎつぎとぷるにとびこんだ
女の人が言います。「新しい企画書、拝見しました。内容はいいんですが、データが少し古いですね。」男の人が答えます。「申し訳ありません。すぐ最新のものに差し替えます。」	おんなのひとがいますあたらしいきかくしょわいけんしましたないよおわいんですがでえたがすこしふるいですねおとこのひとがこたえますもおしわけありませんすぐさいしんのものにさしかえます	おんなのひとがいますあたらしいきかくしょわいけんしましたないよおわいんですがでたがすこしふるいですねおとこのひとがこたえますもおしわけありませんすぐさいしんのものにさしかえます
女の人が聞きます。「コーヒーと紅茶、どちらがいいですか。」男の人が答えます。「じゃ、紅茶をお願いします。」	おんなのひとがききますこおひいとこおちゃどちらがいですかおとこのひとがこたえますじゃこおちゃおねがいします	おんなのひとがききますこひとこおちゃどちらがいですかおとこのひとがこたえますじゃこおちゃおねがいします
女の人が聞きます。「映画、何時に始まる?」男の人が答えます。「6時半だよ。あ、でも今日は金曜日だから、7時からだ。」	おんなのひとがききますえがなんじにわじまるおとこのひとがこたえますろくじわんだよあでもきょおわきんよおびだからしちじからだ	おんなのひとがききますえがなんじにわじまるおとこのひとがこたえますじわんだよあでもきょおわきんよおびだからじからだ
女の人が聞きます。「会議室の予約、できた?」男の人が答えます。「3階はいっぱいだったので、5階の会議室を取っておきました。」	おんなのひとがききますかいぎしつのよやくできたおとこのひとがこたえますさんがいわいっぱいだったのでごかいのかいぎしつおとっておきました	おんなのひとがききますかいぎしつのよやくできたおとこのひとがこたえますかいわいっぱいだったのでかいのかいぎしつおとっておきました
女の人が聞きます。「山田さんの誕生日は、いつですか。」男の人が答えます。「4月2日です。」	おんなのひとがききますやまださんのたんじょおびわいつですかおとこのひとがこたえますしがつふつかです	おんなのひとがききますやまださんのたんじょおびわいつですかおとこのひとがこたえますつきにちです
女の人が聞きます。「例の件、先方は何と?」男の人が答えます。「概ね好意的でしたが、価格面で再考の余地ありとのことでした。」	おんなのひとがききますれえのけんせんぽおわなんとおとこのひとがこたえますおむねこおいてきでしたがかかくめんでさいこおのよちありとのことでした	おんなのひとがききますれえのけんせんぽおわなにとおとこのひとがこたえますおむねこおいてきでしたがかかくめんでさいこおのよちありとのことでした
将来性を見込んで、複数のベンチャー企業に出資したものの、思うような成果は上がっていない。	しょおらいせえおみこんでふくすうのべんちゃあきぎょおにしゅっししたもののおもおよおなせえかわあがってえない	しょおらいせえおみこんでふくすうのべんちゃきぎょおにしゅっししたもののおもおよおなせえかわあがってえない
少子化の現状を嘆いてばかりいても、事態は何一つ改善しない。	しょおしかのげんじょおなげえてばかりいてもじたいわなんひとつかいぜんしない	しょおしかのげんじょおなげえてばかりいてもじたいわなにひとつかいぜんしない
少子高齢化に伴う労働力不足は、日本経済の構造的な課題である。特に介護、建設、農業といった分野での人手不足は深刻で、外国人材の受け入れ拡大が喫緊の課題となっている。一方で、受け入れ態勢の整備や、多文化共生社会の実現に向けた取り組みも求められている。	しょおしこおれえかにともなうろおどおりょくふそくわにっぽんけえざいのこおぞおてきなかだいであるとくにかいごけんせつのおぎょおといったぶんやでのひとでぶそくわしんこくでがいこくじんざいのおけえれかくだいがきっきんのかだいとなってえるいっぽおでうけえれたいせえのせえびやたぶんかきょおせえしゃかいのじつげんにむけたとりくみももとめられてえる	しょおしこおれえかにともなうろおどおちからぶそくわにっぽんけえざいのこおぞおてきなかだいであるとくにかいごけんせつのおぎょおといったぶんやでのひとでふそくわしんこくでがいこくじんざいのおけえれかくだいがきっきんのかだいとなってえるいっぽおでうけえれたいせえのせえびやたぶんかきょおせえしゃかいのじつげんにむけたとりくみももとめられてえる
詳細なデータが揃うまで、私はこの案件に対する最終判断を留保したい。	しょおさいなでえたがそろおまでわたしわこのあんけんにたいするさいしゅうわんだんおりゅうほしたい	しょおさいなでたがそろおまでわたしわこのあんけんにたいするさいしゅうわんだんおりゅうほしたい
詳細については、後ほどメールでお送りしますのでご確認ください。	しょおさいについてわのちほどめえるでおくりしますのでごかくにんください	しょおさいについてわのちほどめるでおくりしますのでごかくにんください
詳細につきましては、改めてメールにてご連絡差し上げます。	しょおさいにつきましてわあらためてめえるにてごれんらくさしあげます	しょおさいにつきましてわあらためてめるにてごれんらくさしあげます
上司から『今日は遅刻するな』と叱られましたが、終わったら褒められて、皆で謝って驚いて、ちょっと怒って、最後はみんなで二人の幸せを祈りました。	じょおしからきょおわちこくするなとしかられましたがおわったらほめられてみなであやまっておどろいてちょっとおこってさいごわみんなでふたりのしあわせおいのりました	じょおしからきょおわちこくするなとしかられましたがおわったらほめられてみなであやまっておどろいてちょっとおこってさいごわみんなでににんのしあわせおいのりました
上司の怒りを買った同僚のために、私が間に入って取り成すはめになった。	じょおしのいかりおかったどおりょおのためにわたしがあいだにわいってとりなすわめになった	じょおしのいかりおかったどおりょおのためにわたしがまにわいってとりなすわめになった
城の天守閣は、高さ50メートルからある巨大な建築だ。	しろのてんしゅかくわたかさごじゅうめえとるからあるきょだいなけんちくだ	しろのてんしゅかくわたかさめとるからあるきょだいなけんちくだ
情報を正しく読み解く力は、もはや一部の専門家だけのものではない。	じょおほおただしくよみとくちからわもわやいちぶのせんもんかだけのものでわない	じょおほおまさしくよみとくちからわもわやいちぶのせんもんかだけのものでわない
情報漏洩が発覚した以上、まずは被害を最小限に抑える善後策を講じるべきだ。	じょおほおろおえがわっかくしたいじょおまずわひがいおさいしょおげんにおさえるぜんごさくおこおじるべきだ	じょおほおろおせつがわっかくしたいじょおまずわひがいおさいしょおげんにおさえるぜんごさくおこおじるべきだ
職人は一片の木塊から、生きているかのような仏像を彫り上げた。	しょくにんわいっぺんのもっかいからいきてえるかのよおなぶつぞおほりあげた	しょくにんわいっぺんのきかたまりからいきてえるかのよおなぶつぞおほりあげた
色々検討したが、矢張り最初の案が一番よかったようだ。	いろいろけんとおしたがやわりさいしょのあんがいちばんよかったよおだ	いろいろけんとおしたがやばりさいしょのあんがいちばんよかったよおだ
色々言ったが、要するに、準備不足だった。	いろいろいったがよおするにじゅんびぶそくだった	いろいろいったがよおするにじゅんびふそくだった
色も、濃いブルーと薄いピンク、鋭い赤と鈍い緑が並びます。	いろもこいぶるうとおすいぴんくするどいあかとにぶいみどりがならびます	いろもこいぶるとおすいぴんくするどいあかとにぶいみどりがならびます
食べません ＝ 食べないです	たべませんたべないです	たべません＝たべないです
食事の前に、濡れたタオルでテーブルをきれいに拭いてください。	しょくじのまえにぬれたたおるでてえぶるおきれえにふいてください	しょくじのまえにぬれたたおるでてぶるおきれえにふいてください
食洗機の使い方がわかりません。	しょくせんきのつかいかたがわかりません	しょくあらいきのつかいかたがわかりません
食品売り場はデパートの地下にあります。	しょくひんうりばわでぱあとのちかにあります	しょくひんうりばわでぱとのちかにあります
信じがたいほど幸運な出来事だった。	しんじがたいほどこおんなできごとだった	しんじがたいほどこおうんなできごとだった
信仰を理由に迫害された人々は、新天地を求めて故郷を後にした。	しんこおりゆうにわくがいされたひとびとわしんてんちおもとめてこきょおあとにした	しんこおりゆうにわくがいされたひとびとわしんてんちおもとめてこきょおごにした
信頼関係を築くうえで、率直なコミュニケーションは不可欠だ。	しんらいかんけえおきずくうえでそっちょくなこみゅにけえしょんわふかけつだ	しんらいかんけえおきずくうえでそっちょくなこみゅにけしょんわふかけつだ
寝ている子を起こさぬよう、忍び足で部屋を後にした。	ねてえるこおこさぬよおしのびあしでえやおあとにした	ねてえるこおこさぬよおしのびあしでえやおごにした
寝顔を見ていると、この子の存在がたまらなく愛おしく思えてくる。	ねがおみてえるとこのこのそんざいがたまらなくいとおしくおもえてくる	ねがおみてえるとこのこのそんざいがたまらなくあいおしくおもえてくる
審査には三日ないし五日ほどを要しますので、あらかじめご了承ください。	しんさにわみっかないしいつかほどおよおしますのであらかじめごりょおしょおください	しんさにわさんにちないしごにちほどおよおしますのであらかじめごりょおしょおください
審判の判定は際どいところだったが、辛うじてセーフと認められた。	しんぱんのわんてえわきわどいところだったがかろおじてせえふとみとめられた	しんぱんのわんてえわきわどいところだったがかろおじてせふとみとめられた
審判の判定を信じて、相手を疑わないこと。これがスポーツマンシップだと思います。	しんぱんのわんてえおしんじてあいておたがわないことこれがすぽおつまんしっぷだとおもいます	しんぱんのわんてえおしんじてあいておたがわないことこれがすぽつまんしっぷだとおもいます
新しいコンピューターは、前のより動きが速いです。	あたらしいこんぴゅうたあわまえのよりうごきがわやいです	あたらしいこんぴゅたわまえのよりうごきがわやいです
新しいサービスに関して、ユーザーから多くの意見が寄せられた。	あたらしいさあびすにかんしてゆうざあからおくのいけんがよせられた	あたらしいさびすにかんしてゆざからおくのいけんがよせられた
新しいシャンプーを使ったら、髪がさらさらになった。	あたらしいしゃんぷうおつかったらかみがさらさらになった	あたらしいしゃんぷおつかったらかみがさらさらになった
新しいスーツを着た先輩は、颯爽とオフィスに入ってきた。	あたらしいすうつおきたせんぱいわさっそおとおふぃすにわいってきた	あたらしいすつおきたせんぱいわさっそおとおふぃすにわいってきた
新しいノートを一冊買いました。	あたらしいのおとおいっさつかいました	あたらしいのとおいちさつかいました
新しい課題が次々と持ち上がり、担当者は休む暇もない。	あたらしいかだいがつぎつぎともちあがりたんとおしゃわやすむいとまもない	あたらしいかだいがつぎつぎともちあがりたんとおしゃわやすむひまもない
新しい漢字を、ノートに何度も書いて覚えます。	あたらしいかんじおのおとになんどもかいておぼえます	あたらしいかんじおのとになんどもかいておぼえます
新しい制度については、社員の間でも意見が分かれ、議論が続いている。	あたらしいせえどについてわしゃいんのあいだでもいけんがわかれぎろんがつずいてえる	あたらしいせえどについてわしゃいんのまでもいけんがわかれぎろんがつずいてえる
新しく入った後輩に、会社のルールを一つずつ説明しているところです。	あたらしくわいったこおわいにかいしゃのるうるおひとつずつせつめえしてえるところです	あたらしくわいったこおわいにかいしゃのるるおひとつずつせつめえしてえるところです
新たに三名のメンバーがプロジェクトに加わり、開発が加速した。	あらたにさんめえのめんばあがぷろじぇくとにくわわりかいわつがかそくした	あらたにさんめえのめんばがぷろじぇくとにくわわりかいわつがかそくした
新技術を導入したこのベンチャー企業は、業界内外から大きな注目を集めている。	しんぎじゅつおどおにゅうしたこのべんちゃあきぎょおわぎょおかいないがいからおきなちゅうもくおあつめてえる	しんぎじゅつおどおにゅうしたこのべんちゃきぎょおわぎょおかいないがいからおきなちゅうもくおあつめてえる
新興企業は破竹の勢いで市場を席巻し、あっという間に業界首位に躍り出た。	しんこおきぎょおわわちくのいきおいでしじょおせっけんしあっとゆうまにぎょおかいしゅいにおどりでた	しんこおきぎょおわわちくのいきおいでしじょおせっけんしあっというまにぎょおかいしゅいにおどりでた
新型のスマートフォンは、カメラの性能が前の機種より大幅に上がった。	しんがたのすまあとふぉんわかめらのせえのおがまえのきしゅよりおわばにあがった	しんがたのすまとふぉんわかめらのせえのおがまえのきしゅよりおわばにあがった
新型のセンサーを導入したことで、測定の精度が飛躍的に向上した。	しんがたのせんさあおどおにゅうしたことでそくてえのせえどがひやくてきにこおじょおした	しんがたのせんさおどおにゅうしたことでそくてえのせえどがひやくてきにこおじょおした
新工場の生産ラインは、来月から二十四時間態勢で稼働する見込みだ。	しんこおじょおのせえさんらいんわらいげつからにじゅうよじかんたいせえでかどおするみこみだ	しんこおじょおのせえさんらいんわらいげつからにじゅうよんじかんたいせえでかどおするみこみだ
新指導部は反対派を次々と粛清し、党内の権力を一手に掌握した。	しんしどおぶわわんたいわおつぎつぎとしゅくせえしとおないのけんりょくおいってにしょおあくした	しんしどおぶわわんたいわおつぎつぎとしゅくせえしとおないのけんりょくおいちてにしょおあくした
新宿で山手線から中央線に乗り換えれば、二十分ほどで着きます。	しんじゅくでやまのてせんからちゅうおせんにのりかえればにじゅっぷんほどでつきます	しんじゅくでやまてせんからちゅうおせんにのりかえればにじゅうふんほどでつきます
新商品の発売を皮切りに、一連のマーケティング施策が展開された。	しんしょおひんのわつばいおかわきりにいちれんのまあけてぃんぐしさくがてんかいされた	しんしょおひんのわつばいおかわきりにいちれんのまけてぃんぐしさくがてんかいされた
新商品をもっと多くの人に宣伝するため、SNSを活用することにした。	しんしょおひんおもっとおくのひとにせんでんするためえすえぬえすおかつよおすることにした	しんしょおひんおもっとおくのひとにせんでんするためSNSおかつよおすることにした
新人の意欲が高いうちに、鉄は熱いうちに打てで、どんどん実務を任せるべきだ。	しんじんのいよくがたかいうちにてつわあついうちにうてでどんどんじつむおまかせるべきだ	しんじんのいよくがたかいうちにてつわあついうちにぶてでどんどんじつむおまかせるべきだ
新製品への注文が殺到し、受注から出荷までに一か月を要している。	しんせえひんえのちゅうもんがさっとおしじゅちゅうからしゅっかまでにいっかげつおよおしてえる	しんせえひんえのちゅうもんがさっとおしじゅちゅうからしゅっかまでにいちかげつおよおしてえる
深夜に大勢で騒ぐと、近所迷惑になるので気をつけてください。	しんやにおぜえでさわぐときんじょめえわくになるのできおつけてください	しんやにたいせえでさわぐときんじょめえわくになるのできおつけてください
真相を知れば深く傷つくだろうし、これは知らぬが仏のままにしておこうと思う。	しんそおしればふかくきずつくだろおしこれわしらぬがほとけのままにしておこおとおもお	しんそおしればふかくきずつくだろおしこれわしらぬがふつのままにしておこおとおもお
辛いものが苦手です。	からいものがにがてです	つらいものがにがてです
進路のことで一人悩んでいないで、遠慮なく相談してください。	しんろのことでひとりなやんでえないでえんりょなくそおだんしてください	しんろのことでえちにんなやんでえないでえんりょなくそおだんしてください
人けの絶えた真夜中の駅のホームには、言いようのない寂寥とした空気が漂っていた。	ひとけのたえたまよなかのえきのほおむにわいよおのないせきりょおとしたくうきがただよってえた	ひとけのたえたまよなかのえきのほむにわいよおのないせきりょおとしたくうきがただよってえた
人気のラーメン屋の前には、開店前から長い行列ができていた。	にんきのらあめんやのまえにわかいてんまえからながいぎょおれつができてえた	にんきのらめんやのまえにわかいてんまえからながいぎょおれつができてえた
人気商品が欠品してしまい、入荷まで一週間ほどお待ちいただくことになる。	にんきしょおひんがけっぴんしてしまいにゅうかまでえっしゅうかんほどおまちいただくことになる	にんきしょおひんがけつひんしてしまいにゅうかまでえちしゅうかんほどおまちいただくことになる
人口減少に歯止めをかけるための有効な方策が、いまだ見出せていない。	じんこおげんしょおにわどめおかけるためのゆうこおなほおさくがいまだみいだせてえない	じんこおげんしょおにわどめおかけるためのゆうこおなほおさくがいまだみだせてえない
人手不足が構造的な問題となった今、外国人材の受け入れは、もはや一時しのぎの策とは言えない段階に入っている。	ひとでぶそくがこおぞおてきなもんだいとなったいまがいこくじんざいのおけえれわもわやいちじしのぎのさくとわいえないだんかいにわいってえる	ひとでふそくがこおぞおてきなもんだいとなったいまがいこくじんざいのおけえれわもわやいちじしのぎのさくとわいえないだんかいにわいってえる
図書館では周囲の迷惑にならないよう、声を出さず黙読するのがマナーだ。	としょかんでわしゅういのめえわくにならないよおこえおださずもくどくするのがまなあだ	としょかんでわしゅういのめえわくにならないよおこえおださずもくどくするのがまなだ
水を 一杯 ください。	みずおいっぱいください	みずおいちわいください
酔ったお客様を、社員がタクシーで家まで送り届けた。	よったおきゃくさまおしゃいんがたくしいでえまでおくりとどけた	よったおきゃくさまおしゃいんがたくしでえまでおくりとどけた
酔った男性がホームから線路に転落し、駅は一時騒然となった。	よっただんせえがほおむからせんろにてんらくしえきわいちじそおぜんとなった	よっただんせえがほむからせんろにてんらくしえきわいちじそおぜんとなった
数ある短編の中でも、この一編が本作品集の白眉と言えるだろう。	かずあるたんぺんのなかでもこのいっぺんがほんさくひんしゅうのわくびといえるだろお	かずあるたんぺんのなかでもこのいちえんがほんさくひんしゅうのわくびといえるだろお
数えると、今日来たお客さんは10人以上。	かぞえるときょおきたおきゃくさんわじゅうにんいじょお	かぞえるときょおきたおきゃくさんわにんいじょお
数多くの観察例から一般法則を引き出す帰納には、常に反例の危険がつきまとう。	かずおくのかんさつれえからいっぱんほおそくおひきだすきのおにわつねにわんれえのきけんがつきまとお	すうおくのかんさつれえからいっぱんほおそくおひきだすきのおにわつねにわんれえのきけんがつきまとお
世は事もなし――なべて平穏なうちに、また一年が過ぎていった。	よわこともなしなべてえおんなうちにまたいちねんがすぎてえった	よわこともなし――なべてえおんなうちにまたいちねんがすぎてえった
世界中を探し回った答えが、実は身近な資料に載っていたとは、まさに灯台下暗しだった。	せかいじゅうおさがしまわったこたえがじつわみじかなしりょおにのってえたとわまさにとおだいもとくらしだった	せかいじゅうおさがしまわったこたえがじつわみじかなしりょおにのってえたとわまさにあかりだいかくらしだった
性格が合わず、二人は結局三年で離婚することになった。	せえかくがあわずふたりわけっきょくさんねんでりこんすることになった	せえかくがあわずににんわけっきょくさんねんでりこんすることになった
成果に応じて、ボーナスが決まる。	せえかにおじてぼおなすがきまる	せえかにおじてぼなすがきまる
政府は再生可能エネルギーの導入を国家的な政策として強力に推進している。	せえふわさいせえかのおえねるぎいのどおにゅうおこっかてきなせえさくとしてきょおりょくにすいしんしてえる	せえふわさいせえかのおえねるぎのどおにゅうおこっかてきなせえさくとしてきょおりょくにすいしんしてえる
生と死の繰り返しは、抗いようのない自然の摂理である。	せえとしのくりかえしわあらがいよおのないしぜんのせつりである	なまとしのくりかえしわあらがいよおのないしぜんのせつりである
生成AIの急速な普及により、知識を得ることのハードルは、かつてないほど低くなった。	せえせえあいのきゅうそくなふきゅうによりちしきおえることのわあどるわかつてないほどひくくなった	せえせえAIのきゅうそくなふきゅうによりちしきおえることのわどるわかつてないほどひくくなった
誠意をもって対応いたします。	せえおもってたいおいたします	せえいおもってたいおいたします
赤ちゃんを抱いて、ドアを叩くお客さんに反応する犬。リードを掴んで一緒に散歩へ。	あかちゃんおだいてどあおたたくおきゃくさんにわんのおするいぬりいどおつかんでえっしょにさんぽえ	あかちゃんおだいてどあおたたくおきゃくさんにわんのおするいぬりどおつかんでえっしょにさんぽえ
切手を5枚ください。	きっておごまいください	きっておまいください
拙い原稿ではございますが、忌憚なくご叱正いただければ幸いです。	つたないげんこおでわございますがきたんなくごしっせえただければさいわいです	つたないげんこおでわございますがきたんなくごしっせえいただければさいわいです
拙い日本語ですが、精一杯お伝えします。	つたないにほんごですがせえっぱいおつたえします	つたないにほんごですがせえいっぱいおつたえします
接戦の末、我がチームは一点差でかろうじて勝つことができた。	せっせんのすえわがちいむわいってんさでかろおじてかつことができた	せっせんのすえわがちむわいちてんさでかろおじてかつことができた
雪道で足を滑らせて転んでしまい、恥ずかしい思いをした。	ゆきみちであしおすべらせてころんでしまいわずかしいおもいおした	ゆきどおであしおすべらせてころんでしまいわずかしいおもいおした
先を行くランナーに追い付くには、相当なペースアップが必要だ。	さきおいくらんなあにおいつくにわそおとおなぺえすあっぷがひつよおだ	さきおいくらんなにおいつくにわそおとおなぺすあっぷがひつよおだ
先月、はじめて一人で旅行に行きました。	せんげつわじめてひとりでりょこおにいきました	せんげつわじめてえちにんでりょこおにいきました
先月、海外旅行のためにパスポートとビザの申込みをしました。	せんげつかいがいりょこおのためにぱすぽおととびざのもおしこみおしました	せんげつかいがいりょこおのためにぱすぽととびざのさるこみおしました
先月から始めたジョギングですが、最初は5分でつかれていました。今では30分続けられるようになって、体も軽くなった気がします。	せんげつからわじめたじょぎんぐですがさいしょわごふんでつかれてえましたいまでわさんじゅっぷんつずけられるよおになってからだもかるくなったきがします	せんげつからわじめたじょぎんぐですがさいしょわふんでつかれてえましたいまでわふんつずけられるよおになってからだもかるくなったきがします
先週、サッカーの大会に参加しました。	せんしゅうさっかあのたいかいにさんかしました	せんしゅうさっかのたいかいにさんかしました
先生がおっしゃったことを、ノートに書いておきました。	せんせえがおっしゃったことおのおとにかいておきました	せんせえがおっしゃったことおのとにかいておきました
先生から答えをもらって、ノートに書いて、家で練習します。	せんせえからこたえおもらってのおとにかいてえでれんしゅうします	せんせえからこたえおもらってのとにかいてえでれんしゅうします
先生が長年書きためた研究を、ついに一冊の本として出版することになった。	せんせえがながねんかきためたけんきゅうおついにいっさつのほんとしてしゅっぱんすることになった	せんせえがながねんかきためたけんきゅうおついにいちさつのほんとしてしゅっぱんすることになった
先生に、この漢字の正しい書き順を教えていただきました。	せんせえにこのかんじのただしいかきじゅんおしえてえただきました	せんせえにこのかんじのただしいがきじゅんおしえてえただきました
先生にレポートを渡しました。	せんせえにれぽおとおわたしました	せんせえにれぽとおわたしました
先生に渡された分厚い資料を、一晩で読まされて本当に大変だった。	せんせえにわたされたぶあついしりょおひとばんでよまされてほんとおにたいえんだった	せんせえにわたされたぶあついしりょおいちばんでよまされてほんとおにたいえんだった
先着100名様に限り、特典をプレゼントします。	せんちゃくひゃくめえさまにかぎりとくてんおぷれぜんとします	せんちゃくめえさまにかぎりとくてんおぷれぜんとします
先日、デパートの売り場で、教授へのお祝いの品物を買いました。	せんじつでぱあとのおりばできょおじゅえのおいわいのしなものおかいました	せんじつでぱとのおりばできょおじゅえのおいわいのしなものおかいました
先日お送りした請求書に誤りがございました。正しいものを本日改めてお送りいたしましたので、お手数ですが、先のものは破棄していただけますようお願いいたします。	せんじつおくりしたせえきゅうしょにあやまりがございましたただしいものおほんじつあらためておくりいたしましたのでおてすうですがさきのものわわきしてえただけますよおねがいたします	せんじつおくりしたせえきゅうしょにあやまりがございましたただしいものおほんじつあらためておくりいたしましたのでおてかずですがさきのものわわきしてえただけますよおねがいたします
先輩がギターを弾いて、誰かが歌を歌っていました。	せんぱいがぎたあおひいてだれかがうたおたってえました	せんぱいがぎたおひいてだれかがうたおたってえました
先輩との食事の後は『ご馳走様でした』。	せんぱいとのしょくじのあとわごちそおさまでした	せんぱいとのしょくじののちわごちそおさまでした
先輩は「ええと、確か9時からだったと思います」と答えました。	せんぱいわえとたしかくじからだったとおもいますとこたえました	せんぱいわえとたしかじからだったとおもいますとこたえました
専門家の手によって、傷んだ古文書が見事に復元された。	せんもんかのてによってえたんだこもんじょがみごとにふくげんされた	せんもんかのてによってえたんだこぶんしょがみごとにふくげんされた
洗った髪をドライヤーで乾かしました。	あらったかみおどらいやあでかわかしました	あらったかみおどらいやでかわかしました
洗濯物が乾いたら、きれいに畳んでください。	せんたくものがかわいたらきれえにたたんでください	せんたくぶつがかわいたらきれえにたたんでください
洗濯物をきちんと畳んで、種類ごとに引き出しへしまった。	せんたくものおきちんとたたんでしゅるいごとにひきだしえしまった	せんたくぶつおきちんとたたんでしゅるいごとにひきだしえしまった
洗濯物を干します。	せんたくものおほします	せんたくぶつおほします
船便はやすいですが、一か月ぐらいかかります。	ふなびんわやすいですがいっかげつぐらいかかります	ふなびんわやすいですがいちかげつぐらいかかります
選手が全力で投げたボールは、鋭い音を立ててミットに収まった。	せんしゅがぜんりょくでなげたぼおるわするどいおとおたててみっとにおさまった	せんしゅがぜんりょくでなげたぼるわするどいおとおたててみっとにおさまった
選手たちは一秒でも速くゴールしようと、全力で競っていた。	せんしゅたちわいちびょおでもわやくごおるしよおとぜんりょくできそってえた	せんしゅたちわいちびょおでもわやくごるしよおとぜんりょくできそってえた
銭湯はただ体をあらうばしょではなく、ちいきの人が顔を合わせる場でもあった。	せんとおわただからだおあらうばしょでわなくちいきのひとがかおあわせるばでもあった	せんとおわただからだおあらうばしょでわなくちいきのじんがかおあわせるばでもあった
全盛を誇ったチームも、主力の引退とともに勢いを失った。	ぜんせえおほこったちいむもしゅりょくのいんたいとともにいきおいおしなった	ぜんせえおほこったちむもしゅりょくのいんたいとともにいきおいおしなった
全部は無理でも、少なくとも半分は今日中に終わらせたい。	ぜんぶわむりでもすくなくともわんぶんわきょおじゅうにおわらせたい	ぜんぶわむりでもすくなくともわんぶんわきょおちゅうにおわらせたい
祖父の生き様に感化され、私は医の道を志すに至った。	そふのいきざまにかんかされわたしわいのみちおこころざすにいたった	そふのいきさまにかんかされわたしわいのみちおこころざすにいたった
祖父の米寿を祝って、家族みんなで盛大なパーティーを開いた。	そふのべえじゅおいわってかぞくみんなでせえだいなぱあてぃいおひらいた	そふのべえじゅおいわってかぞくみんなでせえだいなぱてぃおひらいた
祖父は「疾く行け」と、古めかしい言い回しで私をせかした。	そふわわやくいけとふるめかしいまわしでわたしおせかした	そふわとくいけとふるめかしいまわしでわたしおせかした
祖父は若い頃から農業を続けていて、米作りにとても詳しい。	そふわわかいころからのおぎょおつずけてえてこめずくりにとてもくわしい	そふわわかいころからのおぎょおつずけてえてべえずくりにとてもくわしい
祖母は若い頃、コンサートでピアノを弾いていたそうです。	そぼわわかいころこんさあとでぴあのおひいてえたそおです	そぼわわかいころこんさとでぴあのおひいてえたそおです
祖母は昔ながらの糸車で、羊毛を一本の糸に紡いでいた。	そぼわむかしながらのいとぐるまでよおもおいっぽんのいとにつむいでえた	そぼわむかしながらのいとぐるまでよおもおいちほんのいとにつむいでえた
祖母は老眼鏡をかけ、破れた着物の裾を一針一針丁寧に縫っていた。	そぼわろおがんきょおかけやぶれたきもののすそおひとわりひとわりてえねえにぬってえた	そぼわろおがんきょおかけやぶれたきもののすそおいちわりいちわりてえねえにぬってえた
素潜りで海の底まで潜り、貝を採るのが彼の得意技だ。	すもぐりでうみのそこまでもぐりかいおとるのがかれのとくいわざだ	もともぐりでうみのそこまでくぐりかいおとるのがかれのとくいわざだ
組合側は賃上げを求めて、一歩も譲らない強硬な姿勢を貫いた。	くみあいがわわちんあげおもとめてえっぽもゆずらないきょおこおなしせえおつらぬいた	くみあいがわわちんあげおもとめてえちほもゆずらないきょおこおなしせえおつらぬいた
創業五十周年を機に、社長は苦難の歩みを回顧する一冊をしたためた。	そおぎょおごじゅっしゅうねんおきにしゃちょおわくなんのあゆみおかいこするいっさつおしたためた	そおぎょおごじゅうしゅうねんおきにしゃちょおわくなんのあゆみおかいこするいちさつおしたためた
創業者たちの弛まぬ努力こそが、今日の会社の礎を築いたのである。	そおぎょおものたちのたゆまぬどりょくこそがきょおのかいしゃのいしずえおきずいたのである	そおぎょおしゃたちのたるまぬどりょくこそがきょおのかいしゃのいしずえおきずいたのである
創立五十周年を記念して、盛大な式典が催された。	そおりつごじゅっしゅうねんおきねんしてせえだいなしきてんがもよおされた	そおりつごじゅうしゅうねんおきねんしてせえだいなしきてんがもよおされた
創立百周年を記念して、ホテルの大広間で豪華なパーティーが催された。	そおりつひゃくしゅうねんおきねんしてほてるのおひろまでごおかなぱあてぃいがもよおされた	そおりつひゃくしゅうねんおきねんしてほてるのおひろまでごおかなぱてぃがもよおされた
双方とも一歩も譲らず、条件面でなかなか折り合うことができなかった。	そおほおともいっぽもゆずらずじょおけんめんでなかなかおりあうことができなかった	そおほおともいちほもゆずらずじょおけんめんでなかなかおりあうことができなかった
壮大な目標に圧倒されそうだが、千里の道も一歩からで、まずは今日の一件から片づけよう。	そおだいなもくひょおにあっとおされそおだがせんりのみちもいっぽからでまずわきょおのいっけんからかたずけよお	そおだいなもくひょおにあっとおされそおだがせんりのみちもいちほからでまずわきょおのいちけんからかたずけよお
早期に発見できれば、この病気は治療によって完治する可能性が高い。	そおきにわっけんできればこのびょおきわちりょおによってかんちするかのおせえがたかい	そおきにわっけんできればこのびょおきわちりょおによってかんじするかのおせえがたかい
相手チームの弱点をよく研究したうえで、作戦を立てることにした。	あいてちいむのじゃくてんおよくけんきゅうしたうえでさくせんおたてることにした	あいてちむのじゃくてんおよくけんきゅうしたうえでさくせんおたてることにした
相手チームの弱点を徹底的に分析し、綿密な作戦を立てて試合に臨んだ。	あいてちいむのじゃくてんおてってえてきにぶんせきしめんみつなさくせんおたててしあいにのぞんだ	あいてちむのじゃくてんおてってえてきにぶんせきしめんみつなさくせんおたててしあいにのぞんだ
窓の外で風が吹いて、雨も降り始めました。	まどのそとでかぜがふいてあめもふりわじめました	まどのそとでかぜがふいてあめもおりわじめました
窓を拭いて、お風呂の壁を磨いて、洗濯物を干して、シャツを畳んで、ギフトを包んで、新聞紙で縛る — 一日中作業しました。	まどおふいておふろのかべおみがいてせんたくものおほしてしゃつおたたんでぎふとおつつんでしんぶんしでしばるいちにちじゅうさぎょおしました	まどおふいておふろのかべおみがいてせんたくぶつおほしてしゃつおたたんでぎふとおつつんでしんぶんしでしばるいちにちちゅうさぎょおしました
窓口が違うので、一階から二階へ移動しました。	まどぐちがちがうのでえっかいからにかいえどおしました	まどぐちがちがうのでえちかいからにかいえどおしました
走る→走った、見る→見た	わしるわしったみるみた	わしる→わしったみる→みた
送料も含めて、全部で三千円になります。	そおりょおもふくめてぜんぶでさんぜんえんになります	そおりょおもふくめてぜんぶでさんせんえんになります
息子はまだ小さいので、一人で学校に行けません。	むすこわまだちいさいのでひとりでがっこおにいけません	むすこわまだちいさいのでえちにんでがっこおにいけません
息子は夏休みに、飛行機の模型を一人で作り上げた。	むすこわなつやすみにひこおきのもけえおひとりでつくりあげた	むすこわなつやすみにひこおきのもけえおいちにんでつくりあげた
息子は最近ゲームに夢中で、勉強がおろそかになっている。	むすこわさいきんげえむにむちゅうでべんきょおがおろそかになってえる	むすこわさいきんげむにむちゅうでべんきょおがおろそかになってえる
俗世の名利に嫌気がさし、彼は山奥に遁世してしまった。	ぞくせのみょおりにいやけがさしかれわやまおくにとんせえしてしまった	ぞくせえのみょおりにいやけがさしかれわやまおくにとんせえしてしまった
村の長老の一言には、若者たちが束になっても敵わないほどの重みがあった。	むらのちょおろおのひとことにわわかものたちがたばになってもかなわないほどのおもみがあった	むらのちょおろおのひとことにわわかものたちがたばになってもてきわないほどのおもみがあった
村の入り口には、苔むした石の地蔵が昔から鎮座している。	むらのいりぐちにわこけむしたいしのじぞおがむかしからちんざしてえる	むらのいりくちにわこけむしたいしのじぞおがむかしからちんざしてえる
村上春樹の作品は、現実と幻想が交錯する独特の世界観で知られている。彼の文学が国境を越えて愛される理由は、現代人が抱える孤独や疎外感といった普遍的なテーマを、繊細な筆致で描き出している点にある。	むらかみわるきのさくひんわげんじつとげんそおがこおさくするどくとくのせかいかんでしられてえるかれのぶんがくがこっきょおこえてあいされるりゆうわげんだいじんがかかえるこどくやそがいかんといったふえんてきなてえまおせんさいなひっちでえがきだしてえるてんにある	むらかみわるきのさくひんわげんじつとげんそおがこおさくするどくとくのせかいかんでしられてえるかれのぶんがくがこっきょおこえてあいされるりゆうわげんだいじんがかかえるこどくやそがいかんといったふえんてきなてまおせんさいなひっちでえがきだしてえるてんにある
多少の経費の使い込みには目を瞑るとしても、書類の改ざんだけは断じて見過ごせない。	たしょおのけえひのつかいこみにわめおつぶるとしてもしょるいのかいざんだけわだんじてみすごせない	たしょおのけえひのつかいこみにわめおつむるとしてもしょるいのかいざんだけわだんじてみすごせない
太古の昔に落下した巨大な隕石が、生態系に壊滅的な影響を及ぼしたとされている。	たいこのむかしにらっかしたきょだいないんせきがせえたいけえにかいめつてきなえきょおよぼしたとされてえる	たいこのむかしにらっかしたきょだいな隕せきがせえたいけえにかいめつてきなえきょおよぼしたとされてえる
太陽が海に沈む景色を見ながら、二人で静かに歩きました。	たいよおがうみにしずむけしきおみながらふたりでしずかにあるきました	たいよおがうみにしずむけしきおみながらににんでしずかにあるきました
太陽が莫大なエネルギーを放ち続けられるのは、中心部で絶えず核融合が起きているからだ。	たいよおがばくだいなえねるぎいおわなちつずけられるのわちゅうしんぶでたえずかくゆうごおがおきてえるからだ	たいよおがばくだいなえねるぎおわなちつずけられるのわちゅうしんぶでたえずかくゆうごおがおきてえるからだ
打ち合わせは今日中に済ませますか、それとも明日に回しますか。	うちあわせわきょおじゅうにすませますかそれともあしたにまわしますか	うちあわせわきょおちゅうにすませますかそれともあしたにまわしますか
体に悪いと知りつつも、夜更かしがやめられない。	からだにわるいとしりつつもよふかしがやめられない	からだにわるいとしりつつもよるふかしがやめられない
待っている間に、書類に住所と生年月日を書いておきました。	まってえるあいだにしょるいにじゅうしょとせえねんがっぴおかいておきました	まってえるまにしょるいにじゅうしょとせえねんがっぴおかいておきました
台風の接近に伴い、猛烈な雨と風が一晩中続いた。	たいふうのせっきんにともないもおれつなあめとかぜがひとばんじゅうつずいた	たいふうのせっきんにともないもおれつなあめとかぜがいちばんちゅうつずいた
大手企業によるベンチャー企業の買収が、業界で相次いでいる。	おてきぎょおによるべんちゃあきぎょおのばいしゅうがぎょおかいであいついでえる	おてきぎょおによるべんちゃきぎょおのばいしゅうがぎょおかいであいついでえる
大人はもちろん、子供にも人気のあるテーマパークだ。	おとなわもちろんこどもにもにんきのあるてえまぱあくだ	おとなわもちろんこどもにもにんきのあるてまぱくだ
大勢の前で功績を讃えられ、彼は面映ゆそうに視線を落とした。	おぜえのまえでこおせきおたたえられかれわおもわゆそおにしせんおとした	たいせえのまえでこおせきおたたえられかれわおもわゆそおにしせんおとした
大勢の前で発表するときは、いつも緊張してしまう。	おぜえのまえでわっぴょおするときわいつもきんちょおしてしまう	たいせえのまえでわっぴょおするときわいつもきんちょおしてしまう
大勢の前で名前を間違えられ、恥ずかしい思いをした。	おぜえのまえでなまえおまちがえられわずかしいおもいおした	たいせえのまえでなまえおまちがえられわずかしいおもいおした
大勢の来賓を前に表彰されるという、晴れがましい場に立たせていただいた。	おぜえのらいひんおまえにひょおしょおされるというわれがましいばにたたせてえただいた	たいせえのらいひんおまえにひょおしょおされるというわれがましいじょおにたたせてえただいた
大切だ/じゃない/だった/じゃなかった	たいせつだじゃないだったじゃなかった	たいせつだ/じゃない/だった/じゃなかった
大切なのは、訪れる側が地元への敬意を忘れないことだろう。	たいせつなのわおとずれるがわがじもとえのけえおわすれないことだろお	たいせつなのわおとずれるがわがじもとえのけえいおわすれないことだろお
大腸では、残った内容物から水分が吸収され、便が形づくられる。	だいちょおでわのこったないよおぶつからすいぶんがきゅうしゅうされべんがかたちずくられる	だいちょおでわのこったないよおぶつからすいぶんがきゅうしゅうされびんがかたちずくられる
担当者に必要な書類をすべて渡してから、会場を後にした。	たんとおしゃにひつよおなしょるいおすべてわたしてからかいじょおあとにした	たんとおしゃにひつよおなしょるいおすべてわたしてからかいじょおごにした
担当者の急病で、契約手続きが一週間ほど滞ってしまった。	たんとおしゃのきゅうびょおでけえやくてつずきがいっしゅうかんほどとどこおってしまった	たんとおしゃのきゅうびょおでけえやくてつずきがいちしゅうかんほどとどこおってしまった
男の人が言います。「このレポート、あしたまででしたよね。」女の人が答えます。「ええ。でも部長が、あさってでもいいって。」男の人が言います。「よかった、じゃ今日はゆっくり書けます。」	おとこのひとがいますこのれぽおとあしたまででしたよねおんなのひとがこたえますえでもぶちょおがあさってでもいっておとこのひとがいますよかったじゃきょおわゆっくりかけます	おとこのひとがいますこのれぽとあしたまででしたよねおんなのひとがこたえますえでもぶちょおがあさってでもいっておとこのひとがいますよかったじゃきょおわゆっくりかけます
男の人が言います。「この書類、3枚コピーしてください。あ、やっぱり5枚お願いします。」	おとこのひとがいますこのしょるいさんまいこぴいしてくださいあやっぱりごまいおねがいします	おとこのひとがいますこのしょるいまいこぴしてくださいあやっぱりまいおねがいします
知らない間に時間が過ぎていた。	しらないあいだにじかんがすぎてえた	しらないまにじかんがすぎてえた
知らない町を一人で歩くのは、ちょっとさびしいけれど、自由でとても気持ちがよかったです。	しらないまちおひとりであるくのわちょっとさびしいけれどじゆうでとてもきもちがよかったです	しらないまちおいちにんであるくのわちょっとさびしいけれどじゆうでとてもきもちがよかったです
地位に伴う特権を当然のように享受する者ほど、それに見合う責任には無頓着なものだ。	ちいにともなうとっけんおとおぜんのよおにきょおじゅするものほどそれにみあうせきにんにわむとんちゃくなものだ	ちいにともなうとっけんおとおぜんのよおにきょおじゅするものほどそれにみあうせきにんにわむとんじゃくなものだ
地域の花火大会ともなれば、街全体が一気にお祭りムードになる。	ちいきのわなびたいかいともなればまちぜんたいがいっきにおまつりむうどになる	ちいきのわなびたいかいともなればまちぜんたいがいっきにおまつりむどになる
地域再生についてのセミナーに参加した。	ちいきさいせえについてのせみなあにさんかした	ちいきさいせえについてのせみなにさんかした
地球の重力に引かれて、放り上げたボールはやがて地面に落ちてくる。	ちきゅうのじゅうりょくにひかれてほおりあげたぼおるわやがてじめんにおちてくる	ちきゅうのじゅうりょくにひかれてほおりあげたぼるわやがてじめんにおちてくる
地球温暖化の問題は、もはや一国だけで解決できるものではない。	ちきゅうおんだんかのもんだいわもわやいっこくだけでかいけつできるものでわない	ちきゅうおんだんかのもんだいわもわやいちこくだけでかいけつできるものでわない
地球温暖化は、もはや一国だけでなく人類全体で取り組むべき課題である。	ちきゅうおんだんかわもわやいっこくだけでなくじんるいぜんたいでとりくむべきかだいである	ちきゅうおんだんかわもわやいちこくだけでなくじんるいぜんたいでとりくむべきかだいである
地震に備えて、家族が一週間過ごせる食料を準備しておいた。	じしんにそなえてかぞくがいっしゅうかんすごせるしょくりょおじゅんびしておいた	じしんにそなえてかぞくがいちしゅうかんすごせるしょくりょおじゅんびしておいた
地方自治体の財政は逼迫しており、公共サービスの縮小を余儀なくされている。	ちほおじちたいのざいせえわひっぱくしておりこおきょおさあびすのしゅくしょおよぎなくされてえる	ちほおじちたいのざいせえわひっぱくしておりこおきょおさびすのしゅくしょおよぎなくされてえる
茶道には、一杯の茶を点てる所作の一つ一つに奥妙な精神が宿っている。	さどおにわいっぱいのちゃおたてるしょさのひとつひとつにおくみょおなせえしんがやどってえる	さどおにわいちわいのちゃおたてるしょさのひとつひとつにおくみょおなせえしんがやどってえる
着る→着ます	きるきます	きる→きます
中央銀行が金利の引き上げに踏み切れば、住宅ローンの負担は一気に重くなる。	ちゅうおぎんこおがきんりのひきあげにふみきればじゅうたくろおんのふたんわいっきにおもくなる	ちゅうおぎんこおがきんりのひきあげにふみきればじゅうたくろんのふたんわいっきにおもくなる
昼はいつもラーメンを食べます。	ひるわいつもらあめんおたべます	ひるわいつもらめんおたべます
注文したビールが生温くて、店員さんに冷たいものと替えてもらった。	ちゅうもんしたびいるがなまぬるくててんいんさんにつめたいものとかえてもらった	ちゅうもんしたびるがなまぬるくててんいんさんにつめたいものとかえてもらった
著者は序文の中で、この本を書くに至った経緯を率直に綴っている。	ちょしゃわじょぶんのなかでこのほんおかくにいたったけえおそっちょくにつずってえる	ちょしゃわじょぶんのなかでこのほんおかくにいたったけえいおそっちょくにつずってえる
朝、お風呂の後、石鹸で手を洗って、新しいタオルを使います。	あさおふろのあとせっけんでておあらってあたらしいたおるおつかいます	あさおふろののちせっけんでておあらってあたらしいたおるおつかいます
朝、コーヒーを飲みます。	あさこおひいおのみます	あさこひおのみます
朝、電車が事故で三十分遅れました。	あさでんしゃがじこでさんじゅっぷんおくれました	あさでんしゃがじこでさんじゅうふんおくれました
朝6時に起きられるようになった。	あさろくじにおきられるよおになった	あさじにおきられるよおになった
朝6時に散歩します。	あさろくじにさんぽします	あさじにさんぽします
朝7時に起きて、夜11時に寝る。これが毎日のリズムです。	あさしちじにおきてよるじゅういちじにねるこれがまいにちのりずむです	あさじにおきてよるじにねるこれがまいにちのりずむです
朝から晩まで働きづめの彼は、典型的な日本のサラリーマンだ。	あさからばんまでわたらきずめのかれわてんけえてきなにっぽんのさらりいまんだ	あさからばんまでわたらきずめのかれわてんけえてきなにっぽんのさらりまんだ
朝ご飯にコーヒーを飲んで、お弁当も買いました。	あさごわんにこおひいおのんでおべんとおもかいました	あさごわんにこひおのんでおべんとおもかいました
朝ご飯はコップに水、茶碗にご飯、皿にパン。箸とスプーン、フォークも使います。	あさごわんわこっぷにみずちゃわんにごわんさらにぱんわしとすぷうんふぉおくもつかいます	あさごわんわこっぷにみずちゃわんにごわんさらにぱんわしとすぷんふぉくもつかいます
朝はおにぎりとコーヒーを買います。	あさわおにぎりとこおひいおかいます	あさわおにぎりとこひおかいます
町には大きなビルはありませんが、ゆうびんきょくやびょういん、スーパーがあります。	まちにわおきなびるわありませんがゆうびんきょくやびょおいんすうぱあがあります	まちにわおきなびるわありませんがゆうびんきょくやびょおいんすぱがあります
眺めもいいし、サービスも丁寧だし、この旅館が好きです。	ながめもいしさあびすもてえねえだしこのりょかんがすきです	ながめもいしさびすもてえねえだしこのりょかんがすきです
調査の結果は、来月中にホームページ上で一般に公開される。	ちょおさのけっかわらいげつちゅうにほおむぺえじじょおでえっぱんにこおかいされる	ちょおさのけっかわらいげつちゅうにほむぺじじょおでえっぱんにこおかいされる
長い間掃除していなかったので、机の上が砂でざらざらしていた。	ながいあいだそおじしてえなかったのでつくえのおえがすなでざらざらしてえた	ながいまそおじしてえなかったのでつくえのおえがすなでざらざらしてえた
長引く不況で、街全体に沈滞したムードが漂っていた。	ながびくふきょおでまちぜんたいにちんたいしたむうどがただよってえた	ながびくふきょおでまちぜんたいにちんたいしたむどがただよってえた
長年のプレッシャーからようやく解放され、心から安堵した。	ながねんのぷれっしゃあからよおやくかいほおされこころからあんどした	ながねんのぷれっしゃからよおやくかいほおされこころからあんどした
長年の実績に裏打ちされた威望が、彼の発言に重みを与えている。	ながねんのじっせきにうらうちされたいぼおがかれのわつげんにおもみおあたえてえる	ながねんのじっせきにうらうちされたたけしもちがかれのわつげんにおもみおあたえてえる
長年連れ添った二人は、まるで異体同心のように互いを察し合う。	ながねんつれそったふたりわまるでえたいどおしんのよおにたがいおさっしあう	ながねんつれそったににんわまるでえたいどおしんのよおにたがいおさっしあう
直接話すよりも、間接的にメッセージで伝える方が楽な時もあります。	ちょくせつわなすよりもかんせつてきにめっせえじでつたえるほおがらくなときもあります	ちょくせつわなすよりもかんせつてきにめっせじでつたえるほおがらくなときもあります
通行の邪魔にならないよう、車を道の端に寄せて停めた。	つうこおのじゃまにならないよおくるまおみちのわしによせてとめた	つうこおのじゃまにならないよおくるまおみちのわじによせてとめた
通帳の残高を見て、使いすぎていたことに愕然とした。	つうちょおのざんだかおみてつかいすぎてえたことにがくぜんとした	かよいちょおのざんだかおみてつかいすぎてえたことにがくぜんとした
通帳を見たら、給料がもう振り込まれていました。	つうちょおみたらきゅうりょおがもおふりこまれてえました	かよいちょおみたらきゅうりょおがもおふりこまれてえました
庭ではボールで遊んで、家では人形と話していました。	にわでわぼおるであそんでえでわにんぎょおとわなしてえました	にわでわぼるであそんでえでわにんぎょおとわなしてえました
庭でボールを投げて、犬が口で噛んで持って帰ってきます。落とした物を踏まないように歩きます。	にわでぼおるおなげてえぬがくちでかんでもってかえってきますおとしたものおふまないよおにあるきます	にわでぼるおなげてえぬがくちでかんでもってかえってきますおとしたものおふまないよおにあるきます
庭には花を植えて、ハーブも育てる予定です。	にわにわわなおえてわあぶもそだてるよてえです	にわにわわなおえてわぶもそだてるよてえです
庭一面に咲いた金木犀が、芳しい香りをあたりに漂わせている。	にわいちめんにさいたきんもくせえがかぐわしいかおりおあたりにただよわせてえる	にわいちめんにさいたきんもくせえがかんばしいかおりおあたりにただよわせてえる
弟が新しいゲーム機を欲しがっています。	おとおとがあたらしいげえむきおほしがってえます	おとおとがあたらしいげむきおほしがってえます
弟と妹は中学生で、兄弟みんなでゲームをしています。	おとおとといもおとわちゅうがくせえできょおだいみんなでげえむおしてえます	おとおとといもおとわちゅうがくせえできょおだいみんなでげむおしてえます
弟はゲームに夢中で、ご飯も食べません。	おとおとわげえむにむちゅうでごわんもたべません	おとおとわげむにむちゅうでごわんもたべません
弟はゲームばかりしています。	おとおとわげえむばかりしてえます	おとおとわげむばかりしてえます
弟はボールを力いっぱい蹴った。	おとおとわぼおるおちからいっぱいけった	おとおとわぼるおちからいっぱいけった
弟は部屋でゲームをしています。	おとおとわえやでげえむおしてえます	おとおとわえやでげむおしてえます
弟は夜中に「もう食べられない」と寝言を言って、家族を笑わせた。	おとおとわよなかにもおたべられないとねごとおいってかぞくおわらわせた	おとおとわやちゅうにもおたべられないとねごとおいってかぞくおわらわせた
提出された報告書には肝心なデータがいくつか欠落しており、審査は保留となった。	てえしゅつされたほおこくしょにわかんじんなでえたがいくつかけつらくしておりしんさわほりゅうとなった	てえしゅつされたほおこくしょにわかんじんなでたがいくつかけつらくしておりしんさわほりゅうとなった
締め切りが刻々と迫る中、チーム全員が寝る間も惜しんで作業に当たった。	しめきりがこくこくとせまるなかちいむぜんいんがねるあいだもおしんでさぎょおにあたった	しめきりがこっこくとせまるなかちむぜんいんがねるまもおしんでさぎょおにあたった
締め切りが迫っているので、早めにセミナーへの参加を申し込んでおいた。	しめきりがせまってえるのでわやめにせみなあえのさんかおもおしこんでおいた	しめきりがせまってえるのでわやめにせみなえのさんかおもおしこんでおいた
締め切りには間に合わないと思いましたが、徹夜して何とか終わらせました。	しめきりにわまにあわないとおもいましたがてつやしてなにとかおわらせました	しめきりにわまにあわないとおもいましたがてつやしてなんとかおわらせました
締め切りに間に合うように、レポートを昨日のうちに提出しておきました。	しめきりにまにあうよおにれぽおとおきのおのおちにてえしゅつしておきました	しめきりにまにあうよおにれぽとおきのおのおちにてえしゅつしておきました
締め切りに間に合わせるため、彼は一週間ひたすら原稿を書き続けた。	しめきりにまにあわせるためかれわいっしゅうかんひたすらげんこおかきつずけた	しめきりにまにあわせるためかれわいちしゅうかんひたすらげんこおかきつずけた
締め切りに追われ、気づけば無我夢中で朝までキーボードを叩いていた。	しめきりにおわれきずけばむがむちゅうであさまできいぼおどおたたいてえた	しめきりにおわれきずけばむがむちゅうであさまできぼどおたたいてえた
締め切りに追われ、彼は書き上げたばかりの草稿を推敲する暇もなく提出した。	しめきりにおわれかれわかきあげたばかりのそおこおすいこおするいとまもなくてえしゅつした	しめきりにおわれかれわかきあげたばかりのそおこおすいこおするひまもなくてえしゅつした
締め切り前になって慌てて準備するのは、彼の典型的な行動パターンだ。	しめきりまえになってあわててじゅんびするのわかれのてんけえてきなこおどおぱたあんだ	しめきりまえになってあわててじゅんびするのわかれのてんけえてきなこおどおぱたんだ
締め切り前の彼の机は、資料が乱雑に積まれて足の踏み場もない。	しめきりまえのかれのつくえわしりょおがらんざつにつまれてあしのふみばもない	しめきりまえのかれのつくえわしりょおがらんざつにつまれてあしのふみじょおもない
締切まで1日で全部終わらせっこない。	しめきりまでえちにちでぜんぶおわらせっこない	しめきりまでにちでぜんぶおわらせっこない
敵国の巧妙な謀略に嵌まり、同盟は内部から瓦解していった。	てきこくのこおみょおなぼおりゃくにわまりどおめえわないぶからがかいしてえった	てっこくのこおみょおなぼおりゃくにわままりどおめえわないぶからがかいしてえった
適合するドナーが現れ、弟はようやく骨髄移植を受けられる運びとなった。	てきごおするどなあがあらわれおとおとわよおやくこつずいしょくおけられるわこびとなった	てきごおするどながあらわれおとおとわよおやくこつずいしょくおけられるわこびとなった
天気がいいから、布団を外に干そう。	てんきがいからふとんおそとにほそお	てんきがいからふとんおそとにひそお
天気がいいので、洗濯物がすぐ乾きます。	てんきがいのでせんたくものがすぐかわきます	てんきがいのでせんたくぶつがすぐかわきます
天気予報によると、明日の午後に雨が降る確率は七十パーセントだそうだ。	てんきよほおによるとあしたのごごにあめがふるかくりつわななじゅっぱあせんとだそおだ	てんきよほおによるとあしたのごごにあめがふるかくりつわななじゅうぱせんとだそおだ
店に着いたら、まず制服に着がえて、手をきれいに洗います。	みせについたらまずせえふくにきがえてておきれえにあらいます	みせについたらまずせえふくにちゃくがえてておきれえにあらいます
店は九時に閉まります。	みせわくじにしまります	みせわきゅうじにしまります
転校して間もないが、彼はすっかり新しいクラスに馴染んだようだ。	てんこおしてあいだもないがかれわすっかりあたらしいくらすになじんだよおだ	てんこおしてまもないがかれわすっかりあたらしいくらすになじんだよおだ
電気をつけて、テレビを見て、お湯にコーヒーを入れます。	でんきおつけててれびおみておゆにこおひいおいれます	でんきおつけててれびおみておゆにこひおいれます
電気を消す前に、テレビとラジオも切って、電話もマナーモードにしました。	でんきおけすまえにてれびとらじおもきってでんわもまなあもおどにしました	でんきおけすまえにてれびとらじおもきってでんわもまなもどにしました
電子マネーの普及により、現金を使わずに買い物ができるようになりました。特に若い世代では、スマートフォンでの支払いが主流になっています。	でんしまねえのふきゅうによりげんきんおつかわずにかいものができるよおになりましたとくにわかいせだいでわすまあとふぉんでのしわらいがしゅりゅうになってえます	でんしまねのふきゅうによりげんきんおつかわずにかいものができるよおになりましたとくにわかいせだいでわすまとふぉんでのしわらいがしゅりゅうになってえます
電車、バス、タクシー、自転車、飛行機、船 — どこへでも行けます。	でんしゃばすたくしいじてんしゃひこおきふねどこえでもいけます	でんしゃばすたくしじてんしゃひこおきふねどこえでもいけます
電車が遅れたため、乗客はホームで長い間待たされました。	でんしゃがおくれたためじょおきゃくわほおむでながいあいだまたされました	でんしゃがおくれたためじょおきゃくわほむでながいかんまたされました
電車が遅れたので、タクシーの代わりにレンタサイクルで向かった。	でんしゃがおくれたのでたくしいのかわりにれんたさいくるでむかった	でんしゃがおくれたのでたくしのかわりにれんたさいくるでむかった
電車にせよタクシーにせよ、ラッシュ時は時間がかかる。	でんしゃにせよたくしいにせよらっしゅじわじかんがかかる	でんしゃにせよたくしにせよらっしゅじわじかんがかかる
電車の中で電話をかけるのは、マナー違反だと考えられています。	でんしゃのなかででんわおかけるのわまなあいわんだとかんがえられてえます	でんしゃのなかででんわおかけるのわまないわんだとかんがえられてえます
電話、あるいはメールでご連絡ください。	でんわあるいわめえるでごれんらくください	でんわあるいわめるでごれんらくください
登山者は足を踏み外し、数十メートルも斜面を滑落してしまった。	とざんしゃわあしおふみわずしすうじゅうめえとるもしゃめんおかつらくしてしまった	とざんしゃわあしおふみわずしすうじゅうめとるもしゃめんおかっらくしてしまった
途中、家の近くで事故と事件のニュースを聞きました。	とちゅういえのちかくでじことじけんのにゅうすおききました	とちゅういえのちかくでじことじけんのにゅすおききました
都会のアパートは家賃が高い割に、部屋が狭いことが多い。	とかいのあぱあとわやちんがたかいわりにえやがせまいことがおい	とかいのあぱとわやちんがたかいわりにえやがせまいことがおい
都心のマンションだけあって、庭と呼べるのは猫の額ほどのスペースしかない。	としんのまんしょんだけあってにわとよべるのわねこのひたいほどのすぺえすしかない	としんのまんしょんだけあってにわとよべるのわねこのがくほどのすぺすしかない
怒りに任せて動くのではなく、いったん理性に立ち返って判断すべきだ。	おこりにまかせてうごくのでわなくいったんりせえにたちかえってわんだんすべきだ	いかりにまかせてうごくのでわなくいったんりせえにたちかえってわんだんすべきだ
倒れた電柱を跨いで、私たちは避難所へと急いだ。	たおれたでんちゅうおまたいでわたしたちわひなんじょえといそいだ	たおれたでんちゅうおまたいでわたしたちわひなんしょえといそいだ
冬になると雪が降ります。	ふゆになるとゆきがふります	ふゆになるとゆきがおります
冬はセーターとコートとズボン、夏はTシャツとスカート。	ふゆわせえたあとこおととずぼんなつわてぃいしゃつとすかあと	ふゆわせたとこととずぼんなつわてぃしゃつとすかと
冬は暖かいコートが要ります。	ふゆわあたたかいこおとがいります	ふゆわあたたかいことがいります
塔の内部には、頂上へと続く螺旋状の階段が延々と巡らされていた。	とおのないぶにわちょおじょおえとつずくらせんじょおのかいだんがえんえんとじゅんらされてえた	とおのないぶにわちょおじょおえとつずくらせんじょおのかいだんがえんえんとめぐらされてえた
東京で大きなパーティーがあって、お祭りみたいな楽しさだと思います。	とおきょおでおきなぱあてぃいがあっておまつりみたいなたのしさだとおもいます	とおきょおでおきなぱてぃがあっておまつりみたいなたのしさだとおもいます
当ホテルでは、お客様に最高のサービスを提供することを心がけております。	とおほてるでわおきゃくさまにさいこおのさあびすおてえきょおすることおこころがけております	とおほてるでわおきゃくさまにさいこおのさびすおてえきょおすることおこころがけております
当局は武力をもって抗議デモを鎮圧したが、それがかえって国民の怒りに油を注ぐ結果となった。	とおきょくわぶりょくおもってこおぎでもおちんあつしたがそれがかえってこくみんのおこりにあぶらおそそぐけっかとなった	とおきょくわぶりょくおもってこおぎでもおちんあつしたがそれがかえってこくみんのいかりにあぶらおそそぐけっかとなった
当時の状況を思い返すと、一歩間違えば大惨事だったと今でもぞっとする。	とおじのじょおきょおもいかえすといっぽまちがえばだいさんじだったといまでもぞっとする	とおじのじょおきょおもいかえすといちほまちがえばだいさんじだったといまでもぞっとする
当時は議会の承認を経ずとも、勅令一つで法律に等しい効力を持たせることができた。	とおじわぎかいのしょおにんおえずともちょくれえひとつでほおりつにひとしいこおりょくおもたせることができた	とおじわぎかいのしょおにんおえずともみことのりれえひとつでほおりつにひとしいこおりょくおもたせることができた
当社は来月、創立五十周年を記念する式典を催す予定だ。	とおしゃわらいげつそおりつごじゅっしゅうねんおきねんするしきてんおもよおすよてえだ	とおしゃわらいげつそおりつごじゅうしゅうねんおきねんするしきてんおもよおすよてえだ
当店は年中無休で、朝九時から夜十時まで営業しております。	とおてんわねんじゅうむきゅうであさくじからよるじゅうじまでえぎょおしております	とおてんわねんじゅうむきゅうであさきゅうじからよるじゅうじまでえぎょおしております
答えをすぐに出してくれるAIがある時代だからこそ、「なぜそうなるのか」を問いつづける姿勢がいっそう重要になる。	こたえおすぐにだしてくれるえあいがあるじだいだからこそなぜそおなるのかおといつずけるしせえがいっそおじゅうよおになる	こたえおすぐにだしてくれるAIがあるじだいだからこそなぜそおなるのかおといつずけるしせえがいっそおじゅうよおになる
働き方や価値観が多様になった今、飲みニケーションのあり方も、少しずつ変わりつつあるのかもしれない。	わたらきかたやかちかんがたよおになったいまのみにけえしょんのありかたもすこしずつかわりつつあるのかもしれない	わたらきかたやかちかんがたよおになったいまのみにけしょんのありかたもすこしずつかわりつつあるのかもしれない
働き方改革の一環として、弊社ではフレックスタイム制を導入いたします。コアタイムは午前十時から午後三時までとし、それ以外の時間は社員が自由に調整できます。来月一日から適用されます。	わたらきかたかいかくのいっかんとしてえしゃでわふれっくすたいむせえおどおにゅういたしますこあたいむわごぜんじゅうじからごごさんじまでとしそれえがいのじかんわしゃいんがじゆうにちょおせえできますらいげつついたちからてきよおされます	わたらきかたかいかくのいっかんとしてえしゃでわふれっくすたいむせえおどおにゅういたしますこあたいむわごぜんじゅうじからごごさんじまでとしそれえがいのじかんわしゃいんがじゆうにちょおせえできますらいげついちにちからてきよおされます
同じ群れの中でも、個体によって性格や行動のパターンには驚くほどの違いが見られる。	おなじむれのなかでもこたいによってせえかくやこおどおのぱたあんにわおどろくほどのちがいがみられる	おなじむれのなかでもこたいによってせえかくやこおどおのぱたんにわおどろくほどのちがいがみられる
道に迷ったあげく、結局タクシーで目的地に向かった。	みちにまよったあげくけっきょくたくしいでもくてきちにむかった	みちにまよったあげくけっきょくたくしでもくてきちにむかった
内見のときは、日当たりや騒音だけでなく、洗濯機を置く場所やコンセントの数も確認するといい。	ないけんのときわひあたりやそおんだけでなくせんたくきおくばしょやこんせんとのかずもかくにんするとい	うちみのときわひあたりやそおんだけでなくせんたくきおくばしょやこんせんとのかずもかくにんするとい
二つの銀行が合併し、国内最大手の金融グループが誕生した。	ふたつのぎんこおががっぺえしこくないさいおてのきんゆうぐるうぷがたんじょおした	ふたつのぎんこおががっぺえしこくないさいおてのきんゆうぐるぷがたんじょおした
二十世紀に比べて、今は世界中の人と簡単に連絡が取れるようになりました。	にじゅっせえきにくらべてえまわせかいじゅうのひととかんたんにれんらくがとれるよおになりました	にじゅうせえきにくらべてえまわせかいじゅうのひととかんたんにれんらくがとれるよおになりました
二人が同じ日に同じ病を患ったのは、抗いがたい宿命だったとしか言いようがない。	ふたりがおなじひにおなじびょおわずらったのわあらがいがたいしゅくめえだったとしかいよおがない	ににんがおなじひにおなじやまいおわずらったのわあらがいがたいしゅくめえだったとしかいよおがない
二人きりでじっくり話したい。	ふたりきりでじっくりわなしたい	ににんきりでじっくりわなしたい
二人の意見には微妙な違いがあり、なかなか合意に至らなかった。	ふたりのいけんにわびみょおなちがいがありなかなかごおいにいたらなかった	ににんのいけんにわびみょおなちがいがありなかなかごおいにいたらなかった
二人はまるで運命に導かれるかのように出会い、結ばれた。	ふたりわまるでうんめえにみちびかれるかのよおにであいむすばれた	ににんわまるでうんめえにみちびかれるかのよおにであいむすばれた
二人は人目を忍ぶように、木陰で何やら甘い囁きを交わしていた。	ふたりわひとめおしのぶよおにこかげでなにやらあまいささやきおかわしてえた	ににんわひとめおしのぶよおにこかげでなにやらあまいささやきおかわしてえた
日頃のご厚情に感謝し、心ばかりの品を謹呈いたします。	ひごろのごこおじょおにかんしゃしこころばかりのしなおきんてえたします	ひごろのごこおじょおにかんしゃしこころばかりのしなおきんてえいたします
日中の眠気で仕事や勉強がうまくいかない人も多いでしょう。	にっちゅうのねむけでしごとやべんきょおがうまくいかないひともおいでしょお	にちちゅうのねむけでしごとやべんきょおがうまくいかないひともおいでしょお
日本に行きたい、というのが私のつもりです。一人より、友達と一緒のほうが楽しい。	にっぽんにいきたいというのがわたしのつもりですひとりよりともだちといっしょのほおがたのしい	にっぽんにいきたいというのがわたしのつもりですいちにんよりともだちといっしょのほおがたのしい
日本に住んで1年目にしては、よく敬語を使いこなしているね。	にっぽんにすんでえちねんめにしてわよくけえごおつかいこなしてえるね	にっぽんにすんでねんめにしてわよくけえごおつかいこなしてえるね
日本のコンビニは、二十四時間あいていて、とてもべんりです。	にっぽんのこんびにわにじゅうよじかんあいてえてとてもべんりです	にっぽんのこんびにわにじゅうよんじかんあいてえてとてもべんりです
日本のニュースと中国のニュースを両方見ます。	にっぽんのにゅうすとちゅうごくのにゅうすおりょおほおみます	にっぽんのにゅすとちゅうごくのにゅすおりょおほおみます
日本の会社に入ると、まず「報連相(ほうれんそう)」の大切さを教えられる。	にっぽんのかいしゃにわいるとまずほおれんそおほおれんそおのたいせつさおしえられる	にっぽんのかいしゃにわいるとまずほおれんしょおほおれんそおのたいせつさおしえられる
日本の生活にはもう慣れました。	にほんのせえかつにわもおなれました	にっぽんのせえかつにわもおなれました
日本の生活にはもう慣れましたか。	にほんのせえかつにわもおなれましたか	にっぽんのせえかつにわもおなれましたか
日本の生活に慣れた。	にほんのせえかつになれた	にっぽんのせえかつになれた
日本の生活はどうですか。	にほんのせえかつわどおですか	にっぽんのせえかつわどおですか
日本はエネルギー資源の多くを海外から輸入しています。	にっぽんわえねるぎいしげんのおくおかいがいからゆにゅうしてえます	にっぽんわえねるぎしげんのおくおかいがいからゆにゅうしてえます
日本は初めてです。	にほんわわじめてです	にっぽんわわじめてです
日本語の授業は九時から始まります。	にほんごのじゅぎょおわくじからわじまります	にほんごのじゅぎょおわきゅうじからわじまります
日本人にとって、米は昔から欠かせない主食であり続けてきました。	にっぽんじんにとってこめわむかしからかかせないしゅしょくでありつずけてきました	にっぽんじんにとってべえわむかしからかかせないしゅしょくでありつずけてきました
日曜日に公園でサッカーをします。	にちよおびにこおえんでさっかあおします	にちよおびにこおえんでさっかおします
日曜日はたいてい家にいる。	にちよおびわたいてえにいる	にちよおびわたいてえいえにいる
入り口で来場者にパンフレットを配るように頼まれた。	いりぐちでらいじょおしゃにぱんふれっとおくばるよおにたのまれた	いりくちでらいじょおしゃにぱんふれっとおくばるよおにたのまれた
入社して一週間後、私は営業部に配属されました。	にゅうしゃしてえっしゅうかんごわたしわえぎょおぶにわいぞくされました	にゅうしゃしてえちしゅうかんごわたしわえぎょおぶにわいぞくされました
入力した値に応じて結果が決まるこの仕組みは、一種の関数とみなせる。	にゅうりょくしたあたいにおじてけっかがきまるこのしくみわいっしゅのかんすうとみなせる	にゅうりょくしたねにおじてけっかがきまるこのしくみわいっしゅのかんすうとみなせる
認識の食い違いから、両者の間に深刻な対立が生じてしまった。	にんしきのくいちがいからりょおしゃのあいだにしんこくなたいりつがしょおじてしまった	にんしきのくいちがいからりょおしゃのまにしんこくなたいりつがしょおじてしまった
猫がびっくりして、ソファーの後ろに隠れてしまった。	ねこがびっくりしてそふぁあのおしろにかくれてしまった	ねこがびっくりしてそふぁのおしろにかくれてしまった
熱いコーヒーを急いで飲んで、口が痛い!	あついこおひいおいそいでのんでくちがいたい	あついこひおいそいでのんでくちがいたい
年末の棚卸しで、帳簿と実在庫との間に無視できない差異があることが判明した。	ねんまつのたなおろしでちょおぼとじつざいことのあいだにむしできないさいがあることがわんめえした	ねんまつのたなおろしでちょおぼとじつざいことのまにむしできないさいがあることがわんめえした
納期を一週間延ばしていただくことは可能でしょうか。	のおきおいっしゅうかんのばしてえただくことわかのおでしょおか	のおきおいちしゅうかんのばしてえただくことわかのおでしょおか
敗北を喫したチームは、悄然として静まりかえった控室に引き揚げていった。	わいぼくおきっしたちいむわしょおぜんとしてしずまりかえったひかえしつにひきあげてえった	わいぼくおきっしたちむわしょおぜんとしてしずまりかえったひかえしつにひきあげてえった
肺胞では酸素と二酸化炭素の交換が絶え間なく行われている。	わいほおでわさんそとにさんかたんそのこおかんがたえまなくおこなわれてえる	わい胞でわさんそとにさんかたんそのこおかんがたえまなくおこなわれてえる
梅雨に入ると、来る日も来る日も雨続きで、なんとも言えない憂鬱に襲われる。	つゆにわいるとくるひもくるひもあめつずきでなんともいえないゆうつにおそわれる	つゆにわいるときたるひもくるひもあめつずきでなんともいえないゆうつにおそわれる
梅雨の時期は湿度が高くて、洗濯物がなかなか乾かないんです。	つゆのじきわしつどがたかくてせんたくものがなかなかかわかないんです	つゆのじきわしつどがたかくてせんたくぶつがなかなかかわかないんです
梅雨時特有の湿気のせいか、朝から体が気だるくて仕方がない。	つゆどきとくゆうのしっけのせえかあさからからだがけだるくてしかたがない	つゆじとくゆうのしっけのせえかあさからからだがけだるくてしかたがない
買いすぎない、作りすぎないといった心がけが、大きな一歩となる。	かいすぎないつくりすぎないといったこころがけがおきないっぽとなる	かいすぎないつくりすぎないといったこころがけがおきないちほとなる
買いたい。でも、予算オーバーだ。	かいたいでもよさんおばあだ	かいたいでもよさんおばだ
買い物のついでに、クリーニングを取りに行った。	かいもののついでにくりいにんぐおとりにいった	かいもののついでにくりにんぐおとりにいった
買う/買わない/買った/買わなかった	かうかわないかったかわなかった	かう/かわない/かった/かわなかった
買ったばかりの洗濯機が、一週間で壊れてしまった。	かったばかりのせんたくきがいっしゅうかんでこわれてしまった	かったばかりのせんたくきがいちしゅうかんでこわれてしまった
売り上げの回復には、新規のお客様を増やすことも大事ですが、それ以上に、一度来てくださった方にもう一度来ていただくことが鍵になります。リピーターこそが土台なのです。	うりあげのかいふくにわしんきのおきゃくさまおふやすこともだいじですがそれえじょおにいちどきてくださったほおにもおいちどきてえただくことがかぎになりますりぴいたあこそがどだいなのです	うりあげのかいふくにわしんきのおきゃくさまおふやすこともだいじですがそれえじょおにいちどきてくださったほおにもおいちどきてえただくことがかぎになりますりぴたこそがどだいなのです
犯人がAだとすると、Bにはアリバイがある。	わんにんがえだとするとびいにわありばいがある	わんにんがAだとするとBにわありばいがある
晩年、彼は俗世を離れて仏教に帰依し、静かな余生を送った。	ばんねんかれわぞくせおわなれてぶっきょおにきえししずかなよせえおくった	ばんねんかれわぞくせえおわなれてぶっきょおにきえししずかなよせえおくった
彼が提唱した理論は、当初こそ黙殺されたが、後に学界の主流となった。	かれがてえしょおしたりろんわとおしょこそもくさつされたがあとにがっかいのしゅりゅうとなった	かれがてえしょおしたりろんわとおしょこそもくさつされたがごにがっかいのしゅりゅうとなった
彼には人を惹きつけるリーダーとしての素質が備わっている。	かれにわひとおひきつけるりいだあとしてのそしつがそなわってえる	かれにわひとおひきつけるりだとしてのそしつがそなわってえる
彼にメッセージを伝えてください。	かれにめっせえじおつたえてください	かれにめっせじおつたえてください
彼のスピーチに、会場のみんなが感動した。	かれのすぴいちにかいじょおのみんながかんどおした	かれのすぴちにかいじょおのみんながかんどおした
彼のスピーチは美辞麗句を並べただけの陳腐な内容で、聴衆の心には少しも響かなかった。	かれのすぴいちわびじれえくおならべただけのちんぷなないよおでちょおしゅうのこころにわすこしもひびかなかった	かれのすぴちわびじれえくおならべただけのちんぷなないよおでちょおしゅうのこころにわすこしもひびかなかった
彼のユニークな発想が、行き詰まっていた企画に新たな道を開いた。	かれのゆにいくなわっそおがいきずまってえたきかくにあらたなみちおひらいた	かれのゆにくなわっそおがいきずまってえたきかくにあらたなみちおひらいた
彼の奏でるメロディーには、言葉にできない哀愁が漂っていた。	かれのかなでるめろでぃいにわことばにできないあいしゅうがただよってえた	かれのかなでるめろでぃにわことばにできないあいしゅうがただよってえた
彼の予測も、これまでの経緯を踏まえれば、あながち間違いとは言えない。	かれのよそくもこれまでのけえおふまえればあながちまちがいとわいえない	かれのよそくもこれまでのけえいおふまえればあながちまちがいとわいえない
彼は、いわばチームの心臓だ。	かれわいわばちいむのしんぞおだ	かれわいわばちむのしんぞおだ
彼はいわゆるエリート街道を歩んできた人物で、挫折を知らない。	かれわいわゆるえりいとかいどおあゆんできたじんぶつでざせつおしらない	かれわいわゆるえりとかいどおあゆんできたじんぶつでざせつおしらない
彼はお金や出世に淡泊で、いつも自分のペースで生きている。	かれわおかねやしゅっせにたんぱくでえつもじぶんのぺえすでえきてえる	かれわおかねやしゅっせにたんぱくでえつもじぶんのぺすでえきてえる
彼はクラスの代表として、スピーチをすることになった。	かれわくらすのだいひょおとしてすぴいちおすることになった	かれわくらすのだいひょおとしてすぴちおすることになった
彼はしどろもどろに弁明したが、誰一人としてその言葉を信じなかった。	かれわしどろもどろにべんめえしたがだれひとりとしてそのことばおしんじなかった	かれわしどろもどろにべんめえしたがだれえちにんとしてそのことばおしんじなかった
彼はスポーツで鍛えた体力を活かして、消防士として活躍している。	かれわすぽおつできたえたたいりょくおいかしてしょおぼおしとしてかつやくしてえる	かれわすぽつできたえたたいりょくおいかしてしょおぼおしとしてかつやくしてえる
彼はチームの主力として、次の大会での優勝を狙っている。	かれわちいむのしゅりょくとしてつぎのたいかいでのゆうしょおねらってえる	かれわちむのしゅりょくとしてつぎのたいかいでのゆうしょおねらってえる
彼はホームランを打って、みんなを驚かせた。	かれわほおむらんおってみんなおどろかせた	かれわほむらんおってみんなおどろかせた
彼はもう80歳になるが、尚毎朝ジョギングを続けているそうだ。	かれわもおわちじゅっさいになるがなおまいあさじょぎんぐおつずけてえるそおだ	かれわもおさいになるがなおまいあさじょぎんぐおつずけてえるそおだ
彼は一人きりの正月を迎え、心の底から侘びた。	かれわひとりきりのしょおがつおむかえこころのそこからわびた	かれわいちにんきりのしょおがつおむかえこころのそこからわびた
彼は一日中書斎にこもり、人生の意味について深い思索にふけっていた。	かれわいちにちじゅうしょさいにこもりじんせえのいみについてふかいしさくにふけってえた	かれわいちにちちゅうしょさいにこもりじんせえのいみについてふかいしさくにふけってえた
彼は寡黙だが、チームにとってなくてはならない存在だ。	かれわかもくだがちいむにとってなくてわならないそんざいだ	かれわかもくだがちむにとってなくてわならないそんざいだ
彼は会議の場で、上層部の方針に公然と異を唱えた。	かれわかいぎのばでじょおそおぶのほおしんにこおぜんといおとなえた	かれわかいぎのばでじょおそおぶのほおしんにこおぜんとことおとなえた
彼は学生時代、寝る間も惜しんで研究に打ち込んでいた。	かれわがくせえじだいねるあいだもおしんでけんきゅうにうちこんでえた	かれわがくせえじだいねるまもおしんでけんきゅうにうちこんでえた
彼は喜怒哀楽を表に出さない人なので、何を考えているのか読み取りにくい。	かれわきどあいらくおもてにださないひとなのでなにおかんがえてえるのかよみとりにくい	かれわきどあいらくおひょおにださないひとなのでなにおかんがえてえるのかよみとりにくい
彼は言葉もなく、ただ雨の中に一人佇んでいた。	かれわことばもなくただあめのなかにひとりたたずんでえた	かれわことばもなくただあめのなかにいちにんたたずんでえた
彼は言葉を巧みに操り、聴衆をあっという間に自分の世界に引き込んだ。	かれわことばおたくみにあやつりちょおしゅうおあっとゆうまにじぶんのせかいにひきこんだ	かれわことばおたくみにあやつりちょおしゅうおあっというまにじぶんのせかいにひきこんだ
彼は三十歳のときに、仲間とともに小さな会社を設立しました。	かれわさんじゅっさいのときになかまとともにちいさなかいしゃおせつりつしました	かれわさんじゅうさいのときになかまとともにちいさなかいしゃおせつりつしました
彼は志を同じくする仲間と共に、新たなNPOを設立した。	かれわこころざしおなじくするなかまとともにあらたなえぬぴいおせつりつした	かれわこころざしおなじくするなかまとともにあらたなNPOおせつりつした
彼は若い頃の事故で隻眼となったが、それでも職人としての腕は少しも鈍らなかった。	かれわわかいころのじこでせきがんとなったがそれでもしょくにんとしてのおでわすこしもなまらなかった	かれわわかいころのじこでせきがんとなったがそれでもしょくにんとしてのおでわすこしもにぶらなかった
彼は若くして、新しいプロジェクトのリーダーに任命されました。	かれわわかくしてあたらしいぷろじぇくとのりいだあににんめえされました	かれわわかくしてあたらしいぷろじぇくとのりだににんめえされました
彼は十年もの服役を終え、社会復帰への一歩を踏み出した。	かれわじゅうねんものふくえきおえしゃかいふっきえのいっぽおふみだした	かれわじゅうねんものふくえきおえしゃかいふっきえのいちほおふみだした
彼は焦らず、一歩ずつ着実に目標へと近づいている。	かれわあせらずいっぽずつちゃくじつにもくひょおえとちかずいてえる	かれわあせらずいちほずつちゃくじつにもくひょおえとちかずいてえる
彼は職務上の秘密を恪守し、退職後も一切口外しなかった。	かれわしょくむじょおのひみつおかくしゅしたいしょくごもいっさいこおがいしなかった	かれわしょくむじょおのひみつおつとむもりしたいしょくごもいっさいこおがいしなかった
彼は身なりに無頓着で、いつも同じよれよれのシャツを着ている。	かれわみなりにむとんちゃくでえつもおなじよれよれのしゃつおきてえる	かれわみなりにむとんじゃくでえつもおなじよれよれのしゃつおきてえる
彼は世界記録を破って、一躍時の人となった。	かれわせかいきろくおやぶってえちやくときのひととなった	かれわせかいきろくおやぶってえちやくじのひととなった
彼は相手の主張を、豊富な実証データを挙げて一つひとつ論駁していった。	かれわあいてのしゅちょおほおふなじっしょおでえたおあげてひとつひとつろんばくしてえった	かれわあいてのしゅちょおほおふなじっしょおでたおあげてひとつひとつろんばくしてえった
彼は代々医者を輩出してきた名門の出だが、その肩書きに甘んじることなく地道に努力を重ねている。	かれわだいだいしゃおわいしゅつしてきためえもんのだしだがそのかたがきにあまんじることなくじみちにどりょくおかさねてえる	かれわだいだいしゃおわいしゅつしてきためえもんのしゅつだがそのかたがきにあまんじることなくじみちにどりょくおかさねてえる
彼は誰にも相談できず、一人で大きな不安を抱えていたようだ。	かれわだれにもそおだんできずひとりでおきなふあんおかかえてえたよおだ	かれわだれにもそおだんできずいちにんでおきなふあんおかかえてえたよおだ
彼は入院中の祖父を甲斐甲斐しく世話し、毎日欠かさず病院に通った。	かれわにゅういんちゅうのそふおかいがいしくせわしまいにちかかさずびょおいんにかよった	かれわにゅういんちゅうのそふおかいがいしくせわしまいにちかかさずびょおいんにとおった
彼は普段冷静だが、その一言にはさすがに怒りを露わにした。	かれわふだんれえせえだがそのひとことにわさすがにおこりおあらわにした	かれわふだんれえせえだがそのひとことにわさすがにいかりおろわにした
彼は渾身の力を込めて、最後のひと押しでゴールテープを切った。	かれわこんしんのちからおこめてさいごのひとおしでごおるてえぷおきった	かれわこんしんのちからおこめてさいごのひとおしでごるてぷおきった
彼らは三年連続でリーグ制覇を成し遂げ、黄金時代を築いた。	かれらわさんねんれんぞくでりいぐせえわおなしとげおごんじだいおきずいた	かれらわさんねんれんぞくでりぐせえわおなしとげおごんじだいおきずいた
彼女が描いたこの絵は、何と美しいことでしょう。	かのじょがえがいたこのえわなんとおつくしいことでしょお	かのじょがえがいたこのえわなにとおつくしいことでしょお
彼女には、生まれつきリーダーとしての資質が備わっている。	かのじょにわうまれつきりいだあとしてのししつがそなわってえる	かのじょにわうまれつきりだとしてのししつがそなわってえる
彼女のスピーチは、多くの聴衆の共感を呼んだ。	かのじょのすぴいちわおくのちょおしゅうのきょおかんおよんだ	かのじょのすぴちわおくのちょおしゅうのきょおかんおよんだ
彼女はこのチームにとって、言わば太陽のような存在だ。	かのじょわこのちいむにとってえわばたいよおのよおなそんざいだ	かのじょわこのちむにとってえわばたいよおのよおなそんざいだ
彼女は銀のアクセサリーが好きです。	かのじょわぎんのあくせさりいがすきです	かのじょわぎんのあくせさりがすきです
彼女は若手ながら、チームの躍進の一翼を担う存在だ。	かのじょわわかてながらちいむのやくしんのいちよくおになうそんざいだ	かのじょわわかてながらちむのやくしんのいちよくおになうそんざいだ
彼女は将来有望な選手として、多くのコーチから注目されている。	かのじょわしょおらいゆうぼおなせんしゅとしておくのこおちからちゅうもくされてえる	かのじょわしょおらいゆうぼおなせんしゅとしておくのこちからちゅうもくされてえる
彼女は少数精鋭のチームを率いて、難局を乗り切った。	かのじょわしょおすうせえのちいむおひきいてなんきょくおのりきった	かのじょわしょおすうせえのちむおひきいてなんきょくおのりきった
彼女は世界の舞台で活躍する数少ない日本人選手の一人だ。	かのじょわせかいのぶたいでかつやくするかずすくないにっぽんじんせんしゅのひとりだ	かのじょわせかいのぶたいでかつやくするかずすくないにっぽんじんせんしゅのいちにんだ
彼女は世間の批判にも頑なに自らの信念を貫き通した。	かのじょわせけんのひわんにもかたくなにみずからのしんねんおつらぬきとおした	かのじょわせけんのひわんにも頑なにみずからのしんねんおつらぬきとおした
彼女は清楚な白いワンピースを身にまとい、式場に現れた。	かのじょわせえそなしろいわんぴいすおみにまといしきじょおにあらわれた	かのじょわせえそなしろいわんぴすおみにまといしきじょおにあらわれた
彼女は選考委員の一人として、応募作品を公正に審査する重責を担っている。	かのじょわせんこおいんのひとりとしておぼさくひんおこおせえにしんさするじゅうせきおになってえる	かのじょわせんこおいんのいちにんとしておぼさくひんおこおせえにしんさするじゅうせきおになってえる
彼女は電光石火の早業で相手の隙を突き、一本を取った。	かのじょわでんこおせっかのわやわざであいてのすきおつきいっぽんおとった	かのじょわでんこおせっかのわやわざであいてのひまおつきいちほんおとった
彼女は怒りっぽい。	かのじょわおこりっぽい	かのじょわいかりっぽい
彼女は入社以来、経理に関する事務を一手に引き受けている。	かのじょわにゅうしゃいらいけえりにかんするじむおいってにひきうけてえる	かのじょわにゅうしゃいらいけえりにかんするじむおいちてにひきうけてえる
彼女は派手な色のドレスを着てパーティーに来ました。	かのじょわわでないろのどれすおきてぱあてぃいにきました	かのじょわわでないろのどれすおきてぱてぃにきました
彼女は文学部を卒業した後、出版社に就職したそうです。	かのじょわぶんがくぶおそつぎょおしたあとしゅっぱんしゃにしゅうしょくしたそおです	かのじょわぶんがくぶおそつぎょおしたのちしゅっぱんしゃにしゅうしょくしたそおです
彼女は目ざとくて、売り場の小さな値引きシールもすぐに見つける。	かのじょわめざとくてうりばのちいさなねびきしいるもすぐにみつける	かのじょわめざとくてうりばのちいさなねびきしるもすぐにみつける
疲れているときは、少し濃いめのコーヒーを飲むようにしています。	つかれてえるときわすこしこいめのこおひいおのむよおにしてえます	つかれてえるときわすこしこいめのこひおのむよおにしてえます
被害者たちは記者会見を開き、企業の隠蔽体質を厳しく糾弾した。	ひがいものたちわきしゃかいけんおひらききぎょおのいんぺえたいしつおきびしくきゅうだんした	ひがいしゃたちわきしゃかいけんおひらききぎょおのいんぺえたいしつおきびしくきゅうだんした
被災地の子どもたちの姿を目にして、彼女は惻然として言葉を失った。	ひさいちのこどもたちのすがたおめにしてかのじょわとしてことばおしなった	ひさいちのこどもたちのすがたおめにしてかのじょわ惻しかとしてことばおしなった
飛行機の中で、まずパスポートを準備しました。	ひこおきのなかでまずぱすぽおとおじゅんびしました	ひこおきのなかでまずぱすぽとおじゅんびしました
飛行機は予定より三十分遅れて空港に到着した。	ひこおきわよてえよりさんじゅっぷんおくれてくうこおにとおちゃくした	ひこおきわよてえよりさんじゅうふんおくれてくうこおにとおちゃくした
微力ではございますが、精一杯務めさせていただきます。	びりょくでわございますがせえっぱいつとめさせてえただきます	びりょくでわございますがせえいっぱいつとめさせてえただきます
品質を維持するため、当社は部品の製造をすべて国内工場で行っている。	ひんしつおいじするためとおしゃわぶひんのせえぞおすべてこくないこおじょおでえってえる	ひんしつおいじするためとおしゃわぶひんのせえぞおすべてこくないこおじょおでおこなってえる
普通なら三十分で着くのに、事故のせいで二時間もかかった。	ふつうならさんじゅっぷんでつくのにじこのせえでにじかんもかかった	ふつうならさんじゅうふんでつくのにじこのせえでにじかんもかかった
父はまじめなサラリーマンです。	ちちわまじめなさらりいまんです	ちちわまじめなさらりまんです
父はわたしが一人で海外へ行くことに強く反対した。	ちちわわたしがひとりでかいがいえくことにつよくわんたいした	ちちわわたしがいちにんでかいがいえくことにつよくわんたいした
父は交通事故で足の骨を折り、一か月ほど入院した。	ちちわこおつうじこであしのほねおりいっかげつほどにゅういんした	ちちわこおつうじこであしのほねおりいちかげつほどにゅういんした
父は政治のニュースをよく見ています。	ちちわせえじのにゅうすおよくみてえます	ちちわせえじのにゅすおよくみてえます
父は毎日車で会社へ行きます。	ちちわまいにちくるまでかいしゃえきます	ちちわまいにちしゃでかいしゃえきます
腐敗した政権を倒そうとした彼らの行動は、後に義挙として讃えられた。	ふわいしたせえけんおたおそおとしたかれらのこおどおわあとにぎきょとしてたたえられた	ふわいしたせえけんおたおそおとしたかれらのこおどおわごにぎきょとしてたたえられた
舞台に現れた女優の妖艶な微笑みに、観客は思わず息をのんだ。	ぶたいにあらわれたじょゆうのよおえんなほほえみにかんきゃくわおもわずいきおのんだ	ぶたいにあらわれたじょゆうのよおえんなびえみにかんきゃくわおもわずいきおのんだ
部署ごとに認識がずれていたので、事前に各自の見解を擦り合わせておいた。	ぶしょごとににんしきがずれてえたのでじぜんにかくじのけんかいおすりあわせておいた	ぶしょごとににんしきがずれてえたのでじぜんにかくじのけんかいおこすりあわせておいた
部品の到着が遅れているため、出荷を一週間遅らせることになった。	ぶひんのとおちゃくがおくれてえるためしゅっかおいっしゅうかんおくらせることになった	ぶひんのとおちゃくがおくれてえるためしゅっかおいちしゅうかんおくらせることになった
風邪の症状が三日以上続くようなら、早めに医師に相談したほうがいい。	かぜのしょおじょおがみっかいじょおつずくよおならわやめにいしにそおだんしたほおがい	かぜのしょおじょおがさんにちいじょおつずくよおならわやめにいしにそおだんしたほおがい
風邪薬はどこですか？	かぜぐすりわどこですか	かぜやくわどこですか
福岡から札幌まで飛行機で2時間半。	ふくおかからさっぽろまでひこおきでにじかんわん	ふくおかからさっぽろまでひこおきでじかんわん
仏教では、悟りを開かない限り、生き物は生と死の輪廻を繰り返すと説かれている。	ぶっきょおでわさとりおひらかないかぎりいきものわせえとしのりんねおくりかえすととかれてえる	ぶっきょおでわさとりおひらかないかぎりいきものわなまとしのりんねおくりかえすととかれてえる
物価の高騰に端を発した市民の不満は、ついに各地で暴動へと発展してしまった。	ぶっかのこおとおにたんおわっしたしみんのふまんわついにかくちでぼおどおえとわってんしてしまった	ぶっかのこおとおにわじおわっしたしみんのふまんわついにかくちでぼおどおえとわってんしてしまった
分別のおかげで、町はいつもきれいです。	ぶんべつのおかげでまちわいつもきれえです	ふんべつのおかげでまちわいつもきれえです
平日にもかかわらず、人気のベーカリーには行列ができていた。	えじつにもかかわらずにんきのべえかりいにわぎょおれつができてえた	えじつにもかかわらずにんきのべかりにわぎょおれつができてえた
壁にポスターを張っておいてもらえますか。	かべにぽすたあおわっておいてもらえますか	かべにぽすたおわっておいてもらえますか
片道5時間、急行を使ったら6時間かかります。	かたみちごじかんきゅうこおつかったらろくじかんかかります	かたみちじかんきゅうこおつかったらじかんかかります
返品するときは、レシートを持ってきてください。	えんぴんするときわれしいとおもってきてください	えんぴんするときわれしとおもってきてください
歩いて行くのが疲れたので、タクシーを止めました。	あるいてえくのがつかれたのでたくしいおとめました	あるいてえくのがつかれたのでたくしおとめました
母とスーパーで買い物をしました。	わわとすうぱあでかいものおしました	わわとすぱでかいものおしました
母に叱られないように、こっそり冷蔵庫のケーキを食べた。	わわにしかられないよおにこっそりれえぞおこのけえきおたべた	わわにしかられないよおにこっそりれえぞおこのけきおたべた
母は一人で私たち三人の子どもを育ててくれました。	わわわひとりでわたしたちさんにんのこどもおそだててくれました	わわわいちにんでわたしたちさんにんのこどもおそだててくれました
母は角のある皿より、丸いお皿のほうが料理が優しく見えると言っていた。	わわわかどのあるさらよりまるいおさらのほおがりょおりがやさしくみえるといってえた	わわわかくのあるさらよりまるいおさらのほおがりょおりがやさしくみえるといってえた
報連相がうまくいかないしょくばでは、小さなミスが大きな問題に発展しやすい。	ほおれんそおがうまくいかないしょくばでわちいさなみすがおきなもんだいにわってんしやすい	ほおれんしょおがうまくいかないしょくばでわちいさなみすがおきなもんだいにわってんしやすい
報連相は、単なるルールではない。	ほおれんそおわたんなるるうるでわない	ほおれんしょおわたんなるるるでわない
忙しいので、しばらくゲームはやめようと思う。	いそがしいのでしばらくげえむわやめよおとおもお	いそがしいのでしばらくげむわやめよおとおもお
忙しかった。そういうわけで連絡できなかった。	いそがしかったそおゆうわけでれんらくできなかった	いそがしかったそおいうわけでれんらくできなかった
暴走しかけた社長を、古参の役員が身を挺して諫めた。	ぼおそおしかけたしゃちょおこさんのやくいんがみおてえしてえさめた	ぼおそおしかけたしゃちょおこさんのやくいんがみおてえして諫めた
膨れ上がる負債を前に、経営陣は為す術もなくただ倒産を待つばかりだった。	ふくれあがるふさいおまえにけえじんわなすすべもなくただとおさんおまつばかりだった	ふくれあがるふさいおまえにけえじんわなすじゅつもなくただとおさんおまつばかりだった
膨大なデータの背後にある消費者心理を読み解くのが、我々の仕事だ。	ぼおだいなでえたのわいごにあるしょおひしゃしんりおよみとくのがわれわれのしごとだ	ぼおだいなでたのわいごにあるしょおひしゃしんりおよみとくのがわれわれのしごとだ
膨大な資料に目を通す必要があり、速読の技術が役に立った。	ぼおだいなしりょおにめおとおすひつよおがありそくどくのぎじゅつがやくにたった	ぼおだいなしりょおにめおとおすひつよおがありわや読のぎじゅつがやくにたった
僕はサッカーが好きです。	ぼくわさっかあがすきです	ぼくわさっかがすきです
本を読んでいます。→ 本を読んでいる。	ほんおよんでえますほんおよんでえる	ほんおよんでえます→ほんおよんでえる
本音を全部口にするより、言わぬが花ということもあるものだ。	ほんねおぜんぶくちにするよりいわぬがわなということもあるものだ	ほんねおぜんぶぐちにするよりいわぬがわなということもあるものだ
本事業は来年3月をもって終了する予定です。	ほんじぎょおわらいねんさんがつおもってしゅうりょおするよてえです	ほんじぎょおわらいねんつきおもってしゅうりょおするよてえです
本社は災害現場に専門のチームを派遣することを決定した。	ほんしゃわさいがいげんばにせんもんのちいむおわけんすることおけってえした	ほんしゃわさいがいげんばにせんもんのちむおわけんすることおけってえした
本日の会議の議題は三点です。一点目は来期の予算について、二点目は新商品の販売戦略について、三点目は人事異動についてです。それぞれ二十分ずつ時間を取りますので、合計一時間の予定です。	ほんじつのかいぎのぎだいわさんてんですいってんめわらいきのよさんについてにてんめわしんしょおひんのわんばいせんりゃくについてさんてんめわじんじいどおについてですそれぞれにじゅっぷんずつじかんおとりますのでごおけえちじかんのよてえです	ほんじつのかいぎのぎだいわさんてんですいちてんめわらいきのよさんについてにてんめわしんしょおひんのわんばいせんりゃくについてさんてんめわじんじいどおについてですそれぞれにじゅうふんずつじかんおとりますのでごおけえいちじかんのよてえです
本日はお忙しい中ありがとうございました。それでは、失礼いたします。	ほんじつわおいそがしいなかありがとおございましたそれでわしつれえたします	ほんじつわおいそがしいちゅうありがとおございましたそれでわしつれえいたします
本日はご来店いただき、誠にありがとうございます。当店の閉店時間は午後8時でございますが、本日は棚卸しのため、午後7時に閉店させていただきます。	ほんじつわごらいてんいただきまことにありがとおございますとおてんのえてんじかんわごごわちじでございますがほんじつわたなおろしのためごごしちじにえてんさせてえただきます	ほんじつわごらいてんいただきまことにありがとおございますとおてんのえてんじかんわごごじでございますがほんじつわたなおろしのためごごじにえてんさせてえただきます
本番で失敗しないよう、彼は前日の夜まで入念にリハーサルを重ねた。	ほんばんでしっぱいしないよおかれわぜんじつのよるまでにゅうねんにりわあさるおかさねた	ほんばんでしっぱいしないよおかれわぜんじつのよるまでにゅうねんにりわさるおかさねた
妹は赤いスカートが好きです。	いもおとわあかいすかあとがすきです	いもおとわあかいすかとがすきです
毎月一回、おじさんに会いに行きます。今、自分の時間がもっと欲しいです。	まいつきいっかいおじさんにあいにいきますいまじぶんのじかんがもっとほしいです	まいつきいちかいおじさんにあいにいきますいまじぶんのじかんがもっとほしいです
毎朝、コーヒーを飲みます。	まいあさこおひいおのみます	まいあさこひおのみます
毎朝、ニュースを見るのが習慣です。	まいあさにゅうすおみるのがしゅうかんです	まいあさにゅすおみるのがしゅうかんです
毎朝6時に起きて、昼はお弁当を食べます。	まいあさろくじにおきてひるわおべんとおたべます	まいあさじにおきてひるわおべんとおたべます
毎朝シャワーを浴びます。	まいあさしゃわあおあびます	まいあさしゃわおあびます
毎朝ニュースを見る。	まいあさにゅうすおみる	まいあさにゅすおみる
毎朝七時ごろ起きます。	まいあさしちじごろおきます	まいあさななじごろおきます
毎日たった十分の練習でも、雨垂れ石を穿つで、一年後には見違えるほど上達していた。	まいにちたったじゅっぷんのれんしゅうでもあまだれせきおがつでえちねんごにわみちがえるほどじょおたつしてえた	まいにちたったじゅうぶんのれんしゅうでもあまだれせきおがつでえちねんごにわみちがえるほどじょおたつしてえた
毎日のトレーニングによって、少しずつ筋肉がついてきた。	まいにちのとれえにんぐによってすこしずつきんにくがついてきた	まいにちのとれにんぐによってすこしずつきんにくがついてきた
毎日三十分歩くことが、健康にとても良いそうです。特に朝の散歩はおすすめです。新鮮な空気を吸って、気持ちもさわやかになります。	まいにちさんじゅっぷんあるくことがけんこおにとてもよいそおですとくにあさのさんぽわおすすめですしんせんなくうきおすってきもちもさわやかになります	まいにちさんじゅうふんあるくことがけんこおにとてもよいそおですとくにあさのさんぽわおすすめですしんせんなくうきおすってきもちもさわやかになります
毎日忙しくて、料理する、洗濯する、掃除する、ぜんぶ二人で分担しています。	まいにちいそがしくてりょおりするせんたくするそおじするぜんぶふたりでぶんたんしてえます	まいにちいそがしくてりょおりするせんたくするそおじするぜんぶににんでぶんたんしてえます
毎晩10時までに寝るようにしている。	まいばんじゅうじまでにねるよおにしてえる	まいばんじまでにねるよおにしてえる
毎晩テレビでニュースを見ます。	まいばんてれびでにゅうすおみます	まいばんてれびでにゅすおみます
毎晩ニュースを見ます。	まいばんにゅうすおみます	まいばんにゅすおみます
万一に備えて、非常食と水を三日分ほど用意しておいた。	まんいちにそなえてひじょおしょくとみずおみっかぶんほどよおいしておいた	まんいちにそなえてひじょおしょくとみずおさんにちぶんほどよおいしておいた
万全の準備をして臨んだおかげで、発表はスムーズに進んだ。	ばんぜんのじゅんびおしてのぞんだおかげでわっぴょおわすむうずにすすんだ	ばんぜんのじゅんびおしてのぞんだおかげでわっぴょおわすむずにすすんだ
未熟者ではございますが、今後とも一層精進する所存です。	みじゅくものでわございますがこんごともいっそおしょおじんするしょぞんです	みじゅくしゃでわございますがこんごともいっそおしょおじんするしょぞんです
未曽有の暴風が、防風林の巨木を根こそぎなぎ倒していった。	みぞおのぼおふうがぼおふうりんのきょぼくおねこそぎなぎたおしてえった	みそゆうのぼおふうがぼおふうりんのきょぼくおねこそぎなぎたおしてえった
民主主義の社会では、一人一人の意見が尊重されなければならない。	みんしゅしゅぎのしゃかいでわひとりひとりのいけんがそんちょおされなければならない	みんしゅしゅぎのしゃかいでわいちにんいちにんのいけんがそんちょおされなければならない
民衆は神殿の前に額ずき、静かに祈りを捧げていた。	みんしゅうわしんでんのまえにぬかずきしずかにいのりおささげてえた	みんしゅうわしんでんのまえにがくずきしずかにいのりおささげてえた
無理をしがちな彼女に、たまには体を労わるよう忠告した。	むりおしがちなかのじょにたまにわからだおいたわるよおちゅうこくした	むりおしがちなかのじょにたまにわからだおろおわるよおちゅうこくした
名医でさえ匙を投げた難病を、彼女は不屈の精神で克服してみせた。	めえでさえさじおなげたなんびょおかのじょわふくつのせえしんでこくふくしてみせた	めえいでさえさじおなげたなんびょおかのじょわふくつのせえしんでこくふくしてみせた
明日のサッカーの試合が楽しみです。	あしたのさっかあのしあいがたのしみです	あしたのさっかのしあいがたのしみです
明日のパーティーは、夜七時から、駅前のレストランで行います。みなさん、忘れないでください。	あしたのぱあてぃいわよるしちじからえきまえのれすとらんでおこないますみなさんわすれないでください	あしたのぱてぃわよるななじからえきまえのれすとらんでおこないますみなさんわすれないでください
明日のミーティングは何時からだっけ？	あしたのみいてぃんぐわなんじからだっけ	あしたのみてぃんぐわなんじからだっけ
明日の朝、7時に起こしてください。	あしたのあさしちじにおこしてください	あしたのあさじにおこしてください
明日は雨がふるでしょう。かさをわすれないでください。気温は15度で、少しさむいです。	あしたわあめがふるでしょおかさおわすれないでくださいきおんわじゅうごどですこしさむいです	あしたわあめがふるでしょおかさおわすれないでくださいきおんわどですこしさむいです
明日は九時までに必ず来てください。	あしたわくじまでにかならずきてください	あしたわきゅうじまでにかならずきてください
明日は多分雨が降ります。	あしたわたぶんあめがふります	あしたわたぶんあめがおります
面接では派手な服より、地味な色のスーツを着たほうがいいと言われた。	めんせつでわわでなふくよりじみないろのすうつおきたほおがいといわれた	めんせつでわわでなふくよりじみないろのすつおきたほおがいといわれた
面接には、きちんとした服装で行ったほうがいいですよ。	めんせつにわきちんとしたふくそおでえったほおがいですよ	めんせつにわきちんとしたふくそおでおこなったほおがいですよ
面接には十分前に来られることが望ましいとされています。	めんせつにわじゅっぷんまえにこられることがのぞましいとされてえます	めんせつにわじゅうぶんまえにきたられることがのぞましいとされてえます
面接に来られる際は、こちらで指定した会議室にお越しください。	めんせつにこられるさいわこちらでしてえしたかいぎしつにおこしください	めんせつにきたられるさいわこちらでしてえしたかいぎしつにおこしください
面接のために新しいスーツを買いました。	めんせつのためにあたらしいすうつおかいました	めんせつのためにあたらしいすつおかいました
面接の間、彼は頻りに時計を気にしていて落ち着かない様子だった。	めんせつのあいだかれわしきりにとけえおきにしてえておちつかないよおすだった	めんせつのまかれわしきりにとけえおきにしてえておちつかないよおすだった
目標を達成すべく、チーム全体で協力した。	もくひょおたっせえすべくちいむぜんたいできょおりょくした	もくひょおたっせえすべくちむぜんたいできょおりょくした
問屋との仕切り値を一円でも下げようと、担当者は粘り強く交渉を続けた。	とんやとのしきりねおいちえんでもさげよおとたんとおしゃわねばりずよくこおしょおつずけた	とんやとのしきりちおいちえんでもさげよおとたんとおしゃわねばりずよくこおしょおつずけた
問題を一人でかかえこんで、報告が遅れると、小さなミスが大きなトラブルに発展しかねない。	もんだいおひとりでかかえこんでほおこくがおくれるとちいさなみすがおきなとらぶるにわってんしかねない	もんだいおいちにんでかかえこんでほおこくがおくれるとちいさなみすがおきなとらぶるにわってんしかねない
夜、トイレに何回も行きました。朝はゆっくりシャワーを浴びました。	よるといれになんかいもいきましたあさわゆっくりしゃわあおあびました	よるといれになんかいもいきましたあさわゆっくりしゃわおあびました
夜11時までに寮に戻ります。	よるじゅういちじまでにりょおにもどります	よるじまでにりょおにもどります
夜はホテルでパーティー。庭がとても綺麗でした。	よるわほてるでぱあてぃいにわがとてもきれえでした	よるわほてるでぱてぃにわがとてもきれえでした
夜は眠くて、危ない運転をしないように、タクシーで帰りました。	よるわねむくてあぶないうんてんおしないよおにたくしいでかえりました	よるわねむくてあぶないうんてんおしないよおにたくしでかえりました
夜空に瞬く満天の星を仰ぎ、彼は改めて己の小ささを痛感した。	よぞらにまたたくまんてんのほしおあおぎかれわあらためておのれのちいささおつうかんした	よぞらにまばたくまんてんのほしおあおぎかれわあらためておのれのちいささおつうかんした
夜中に台所から奇妙な音が聞こえて、なかなか眠れなかった。	よなかにだいどころからきみょおなおとがきこえてなかなかねむれなかった	やちゅうにだいどころからきみょおなおとがきこえてなかなかねむれなかった
夜中に大きな地震があって、目が覚めてしまった。	よなかにおきなじしんがあってめがさめてしまった	やちゅうにおきなじしんがあってめがさめてしまった
夜中に大きな地震があって、目が覚めました。	よなかにおきなじしんがあってめがさめました	やちゅうにおきなじしんがあってめがさめました
役員をはじめとして、全社員がチャリティーに協力した。	やくいんおわじめとしてぜんしゃいんがちゃりてぃいにきょおりょくした	やくいんおわじめとしてぜんしゃいんがちゃりてぃにきょおりょくした
優れたリーダーには、大勢の部下を統率する力が求められる。	すぐれたりいだあにわおぜえのぶかおとおそつするちからがもとめられる	すぐれたりだにわたいせえのぶかおとおそつするちからがもとめられる
優勝がかかった一戦だけあって、両チームの攻防は凄まじいものだった。	ゆうしょおがかかったいっせんだけあってりょおちいむのこおぼおわすさまじいものだった	ゆうしょおがかかったいちせんだけあってりょおちむのこおぼおわすさまじいものだった
優勝が続いたせいか、選手たちの練習にはどこか気が弛んでいるように見える。	ゆうしょおがつずいたせえかせんしゅたちのれんしゅうにわどこかきがたゆんでえるよおにみえる	ゆうしょおがつずいたせえかせんしゅたちのれんしゅうにわどこかきがたるんでえるよおにみえる
優勝旗を掲げた選手たちは、意気揚々と凱旋パレードを行進した。	ゆうしょおきおかかげたせんしゅたちわいきよおよおとがいせんぱれえどおこおしんした	ゆうしょおきおかかげたせんしゅたちわいきよおよおとがいせんぱれどおこおしんした
優勝候補のチームは、わずかに一点差で惜しくも敗れ去った。	ゆうしょおこおほのちいむわわずかにいってんさでおしくもやぶれさった	ゆうしょおこおほのちむわわずかにいちてんさでおしくもやぶれさった
友だちにメールを送りました。	ともだちにめえるおくりました	ともだちにめるおくりました
友達が手作りのケーキをくれて、私もお礼にお茶をあげました。お母さんからもプレゼントをもらいました。	ともだちがてずくりのけえきおくれてわたしもおれえにおちゃおあげましたおかあさんからもぷれぜんとおもらいました	ともだちがてずくりのけきおくれてわたしもおれえにおちゃおあげましたおかあさんからもぷれぜんとおもらいました
友達が泥棒を捕まえたニュースを思い出しました。あの時、忘れた財布も後で見つけてくれたんです。	ともだちがどろぼおつかまえたにゅうすおもいだしましたあのときわすれたさいふもあとでみつけてくれたんです	ともだちがどろぼおつかまえたにゅすおもいだしましたあのときわすれたさいふもあとでみつけてくれたんです
友達と喫茶店でコーヒーを飲みました。	ともだちときっさてんでこおひいおのみました	ともだちときっさてんでこひおのみました
夕暮れの駅に響くアコーディオンの音色が、なぜかもの悲しく胸に迫った。	ゆうぐれのえきにひびくあこおでぃおんのねえろがなぜかものがなしくむねにせまった	ゆうぐれのえきにひびくあこでぃおんのねえろがなぜかものがなしくむねにせまった
夕方、続く会議。最後にデータが落ちて、もう一度起こすほど疲れました。	ゆうがたつずくかいぎさいごにでえたがおちてもおいちどおこすほどつかれました	ゆうがたつずくかいぎさいごにでたがおちてもおいちどおこすほどつかれました
夕方、旅館にチェックイン。事務所みたいに立派な入口、地下に温泉、階段で2階の部屋へ。	ゆうがたりょかんにちぇっくいんじむしょみたいにりっぱないりぐちちかにおんせんかいだんでにかいのえやえ	ゆうがたりょかんにちぇっくいんじむしょみたいにりっぱないりぐちちかにおんせんかいだんでかいのえやえ
夕方5時まで会議します。	ゆうがたごじまでかいぎします	ゆうがたじまでかいぎします
予定していた議題も一通り話し合えたので、そろそろ会議を締めくくってもよろしいでしょうか。	よてえしてえたぎだいもひととおりわなしあえたのでそろそろかいぎおしめくくってもよろしいでしょおか	よてえしてえたぎだいもいちとおりわなしあえたのでそろそろかいぎおしめくくってもよろしいでしょおか
予定は決まっていませんが、一応スーツを持って行きます。	よてえわきまってえませんがいちおすうつおもってえきます	よてえわきまってえませんがいちおすつおもってえきます
予約してからでないと、入店できません。	よやくしてからでないとにゅうてんできません	よやくしてからでないとにゅうみせできません
予約なしには、人気ラーメン店には入れない。	よやくなしにわにんきらあめんてんにわいれない	よやくなしにわにんきらめんてんにわいれない
幼少期の徹底した訓練が、後の彼の卓越した技術の下地となった。	よおしょおきのてってえしたくんれんがあとのかれのたくえつしたぎじゅつのしたじとなった	よおしょおきのてってえしたくんれんがごのかれのたくえつしたぎじゅつのしたじとなった
来月、駅の近くの新しいアパートに引っ越します。	らいげつえきのちかくのあたらしいあぱあとにひっこします	らいげつえきのちかくのあたらしいあぱとにひっこします
来月、家族と北海道に行く予定です。飛行機で札幌まで行って、そこから車で温泉に行きます。三泊四日の旅行です。	らいげつかぞくとほっかいどおにいくよてえですひこおきでさっぽろまでえってそこからくるまでおんせんにいきますさんぱくよっかのりょこおです	らいげつかぞくとほっかいどおにいくよてえですひこおきでさっぽろまでえってそこからくるまでおんせんにいきますさんわくよんにちのりょこおです
来月、会社の近くのアパートに引っ越すことになりました。	らいげつかいしゃのちかくのあぱあとにひっこすことになりました	らいげつかいしゃのちかくのあぱとにひっこすことになりました
来月、市民ホールで国際的な音楽祭が開催される予定だ。	らいげつしみんほおるでこくさいてきなおんがくさいがかいさいされるよてえだ	らいげつしみんほるでこくさいてきなおんがくさいがかいさいされるよてえだ
来月、二人は正式に結婚することになった。	らいげつふたりわせえしきにけっこんすることになった	らいげつににんわせえしきにけっこんすることになった
来月から、この図書館の開館時間が変わります。平日は午前九時から午後九時まで、土日は午前十時から午後六時までです。月曜日は休館日です。	らいげつからこのとしょかんのかいかんじかんがかわりますえじつわごぜんくじからごごくじまでどにちわごぜんじゅうじからごごろくじまでですげつよおびわきゅうかんびです	らいげつからこのとしょかんのかいかんじかんがかわりますえじつわごぜんきゅうじからごごきゅうじまでどにちわごぜんじゅうじからごごろくじまでですげつよおびわきゅうかんびです
来月から新しいメンバーが二人、私たちのチームに加わる予定だ。	らいげつからあたらしいめんばあがふたりわたしたちのちいむにくわわるよてえだ	らいげつからあたらしいめんばがににんわたしたちのちむにくわわるよてえだ
来月のスピーチ大会に出るために、毎日練習しています。	らいげつのすぴいちたいかいにでるためにまいにちれんしゅうしてえます	らいげつのすぴちたいかいにでるためにまいにちれんしゅうしてえます
来月のセミナーに参加したいので、早めに申し込んでおきました。	らいげつのせみなあにさんかしたいのでわやめにもおしこんでおきました	らいげつのせみなにさんかしたいのでわやめにもおしこんでおきました
来月の社員旅行を計画しているのですが、行き先で迷っています。	らいげつのしゃいんりょこおけえかくしてえるのですがいきさきでまよってえます	らいげつのしゃいんりょこおけえかくしてえるのですがゆきさきでまよってえます
来週から、全社員を対象にアンケートを実施することになりました。	らいしゅうからぜんしゃいんおたいしょおにあんけえとおじっしすることになりました	らいしゅうからぜんしゃいんおたいしょおにあんけとおじっしすることになりました
来週のコンサートは中止だそうです。	らいしゅうのこんさあとわちゅうしだそおです	らいしゅうのこんさとわちゅうしだそおです
来週のセミナーには、ぜひご参加いただければと思います。	らいしゅうのせみなあにわぜひごさんかいただければとおもいます	らいしゅうのせみなにわぜひごさんかいただければとおもいます
来週の授業では環境問題をテーマに討論を行う予定だ。	らいしゅうのじゅぎょおでわかんきょおもんだいおてえまにとおろんおこなうよてえだ	らいしゅうのじゅぎょおでわかんきょおもんだいおてまにとおろんおこなうよてえだ
来週の旅行ですが、土曜日は雨のよほうなので、日曜日に変えました。朝8時に駅に集まってください。	らいしゅうのりょこおですがどよおびわあめのよほおなのでにちよおびにかえましたあさわちじにえきにあつまってください	らいしゅうのりょこおですがどよおびわあめのよほおなのでにちよおびにかえましたあさじにえきにあつまってください
来週の旅行の行き先をまだ決めていません。	らいしゅうのりょこおのいきさきおまだきめてえません	らいしゅうのりょこおのゆきさきおまだきめてえません
来週旅行に行きます。ちなみに、行き先は北海道です。	らいしゅうりょこおにいきますちなみにいきさきわほっかいどおです	らいしゅうりょこおにいきますちなみにゆきさきわほっかいどおです
来春の人事について、上層部の間で早くも水面下の駆け引きが始まっているらしい。	らいしゅんのじんじについてじょおそおぶのあいだでわやくもすいめんかのかけひきがわじまってえるらしい	らいしゅんのじんじについてじょおそおぶのまでわやくもすいめんかのかけひきがわじまってえるらしい
来年度に向けて、会社は新たなプロジェクトチームを編成することにした。	らいねんどにむけてかいしゃわあらたなぷろじぇくとちいむおえんせえすることにした	らいねんどにむけてかいしゃわあらたなぷろじぇくとちむおえんせえすることにした
来年度の新入社員を、現在ホームページ上で募集しています。	らいねんどのしんにゅうしゃいんおげんざいほおむぺえじじょおでぼしゅうしてえます	らいねんどのしんにゅうしゃいんおげんざいほむぺじじょおでぼしゅうしてえます
利益はメンバー全員に均等に分けることに決まった。	りえきわめんばあぜんいんにきんとおにわけることにきまった	りえきわめんばぜんいんにきんとおにわけることにきまった
利害が対立した二人は、かつての盟友でありながら今や反目し合っている。	りがいがたいりつしたふたりわかつてのめえゆうでありながらいまやわんもくしあってえる	りがいがたいりつしたににんわかつてのめえゆうでありながらいまやわんもくしあってえる
利用者の急増を受けて、駅にはエレベーターが増設された。	りよおしゃのきゅうぞおけてえきにわえれべえたあがぞおせつされた	りよおしゃのきゅうぞおけてえきにわえれべたがぞおせつされた
理科の授業で、一週間かけて植物の成長を観察した。	りかのじゅぎょおでえっしゅうかんかけてしょくぶつのせえちょおかんさつした	りかのじゅぎょおでえちしゅうかんかけてしょくぶつのせえちょおかんさつした
理想と現実があまりに乖離していて、彼は次第に無力感に苛まれた。	りそおとげんじつがあまりにかいりしてえてかれわしだいにむりきかんにさいなまれた	りそおとげんじつがあまりにかいりしてえてかれわしだいにむりょくかんにさいなまれた
理想と現実の間には、いつも大きな差があるものだ。	りそおとげんじつのあいだにわいつもおきなさがあるものだ	りそおとげんじつのまにわいつもおきなさがあるものだ
理不尽な要求に対し、彼女は毅然として「ノー」と言い放った。	りふじんなよおきゅうにたいしかのじょわきぜんとしてのおといわなった	りふじんなよおきゅうにたいしかのじょわきぜんとしてのといわなった
理由はいろいろあるだろうが、兎に角、締め切りだけは守ってほしい。	りゆうわいろいろあるだろおがとにかくしめきりだけわまもってほしい	りゆうわいろいろあるだろおがうさぎにかくしめきりだけわまもってほしい
率直に意見を言い合える雰囲気を醸成することが、リーダーの務めだ。	そっちょくにいけんおいあえるふんいきおじょおせえすることがりいだあのつとめだ	そっちょくにいけんおいあえるふんいきおじょおせえすることがりだのつとめだ
留守の間に宅配便が届いた。	るすのあいだにたくわいびんがとどいた	るすのまにたくわいびんがとどいた
旅行に行く前に、パスポートの期限を確認しておきましょう。	りょこおにいくまえにぱすぽおとのきげんおかくにんしておきましょお	りょこおにいくまえにぱすぽとのきげんおかくにんしておきましょお
旅行の荷物をスーツケースに詰めるのに、思ったより時間がかかった。	りょこおのにもつおすうつけえすにつめるのにおもったよりじかんがかかった	りょこおのにもつおすつけすにつめるのにおもったよりじかんがかかった
旅行の間に水をやり忘れて、大切な観葉植物が枯れてしまった。	りょこおのあいだにみずおやりわすれてたいせつなかんよおしょくぶつがかれてしまった	りょこおのまにみずおやりわすれてたいせつなかんよおしょくぶつがかれてしまった
両社の間では激しい価格競争が繰り広げられている。	りょおしゃのあいだでわわげしいかかくきょおそおがくりひろげられてえる	りょおしゃのまでわわげしいかかくきょおそおがくりひろげられてえる
両社は合併に関する共同声明を発表し、記者たちの質問に答えた。	りょおしゃわがっぺえにかんするきょおどおせえめえおわっぴょおしきものたちのしつもんにこたえた	りょおしゃわがっぺえにかんするきょおどおせえめえおわっぴょおしきしゃたちのしつもんにこたえた
両者の利害が真っ向から相反するため、交渉は難航を極めた。	りょおしゃのりがいがまっこおからあいわんするためこおしょおわなんこおきわめた	りょおしゃのりがいがまっこおからそおわんするためこおしょおわなんこおきわめた
両親に電話して、招待状をコピーして、毎日が準備の日。心配する気持ちが消えません。	りょおしんにでんわしてしょおたいじょおこぴいしてまいにちがじゅんびのひしんぱいするきもちがきえません	りょおしんにでんわしてしょおたいじょおこぴしてまいにちがじゅんびのひしんぱいするきもちがきえません
両親は二人とも会社員。お父さんは銀行員、お母さんは小学校の先生です。	りょおしんわふたりともかいしゃいんおとおさんわぎんこおいんおかあさんわしょおがっこおのせんせえです	りょおしんわににんともかいしゃいんおとおさんわぎんこおいんおかあさんわしょおがっこおのせんせえです
両大国が軍縮交渉のテーブルに着いたこと自体、世界にとって画期的な一歩と言える。	りょおたいこくがぐんしゅくこおしょおのてえぶるについたことじたいせかいにとってかっきてきないっぽといえる	りょおたいこくがぐんしゅくこおしょおのてぶるについたことじたいせかいにとってかっきてきないちほといえる
料金の支払いが期日を過ぎますと、サービスが一時停止される場合がございます。	りょおきんのしわらいがきじつおすぎますとさあびすがいちじてえしされるばあいがございます	りょおきんのしわらいがきじつおすぎますとさびすがいちじてえしされるばあいがございます
料理人は仕込みの前に、必ず包丁を丹念に研ぐことを習慣にしている。	りょおりにんわしこみのまえにかならずほおちょおたんねんにとぐことおしゅうかんにしてえる	りょおりじんわしこみのまえにかならずほおちょおたんねんにとぐことおしゅうかんにしてえる
涼しくなるどころか、9月に入っても真夏日が続いている。	すずしくなるどころかくがつにわいってもまなつびがつずいてえる	すずしくなるどころかつきにわいってもまなつびがつずいてえる
量子コンピュータの研究開発が世界各国で加速しています。従来のコンピュータが零と一の二進法で計算するのに対し、量子コンピュータは量子ビットを用いることで、膨大な計算を同時に処理できる可能性を秘めています。医薬品開発や気候シミュレーションなど、応用分野は多岐にわたりますが、実用化にはまだ技術的な課題が残されています。	りょおしこんぴゅうたのけんきゅうかいわつがせかいかっこくでかそくしてえますじゅうらいのこんぴゅうたがれえといちのにしんほおでけえさんするのにたいしりょおしこんぴゅうたわりょおしびっとおもちいることでぼおだいなけえさんおどおじにしょりできるかのおせえおひめてえますいやくひんかいわつやきこおしみゅれえしょんなどおよおぶんやわたきにわたりますがじつよおかにわまだぎじゅつてきなかだいがのこされてえます	りょおしこんぴゅたのけんきゅうかいわつがせかいかっこくでかそくしてえますじゅうらいのこんぴゅたがれえといちのにしんほおでけえさんするのにたいしりょおしこんぴゅたわりょおしびっとおもちいることでぼおだいなけえさんおどおじにしょりできるかのおせえおひめてえますいやくひんかいわつやきこおしみゅれしょんなどおよおぶんやわたきにわたりますがじつよおかにわまだぎじゅつてきなかだいがのこされてえます
力不足は承知の上ですが、精一杯務めさせていただきます。	ちからぶそくわしょおちのおえですがせえっぱいつとめさせてえただきます	ちからぶそくわしょおちのおえですがせえいっぱいつとめさせてえただきます
隣の工事の音が喧しくて、仕事に集中できやしない。	となりのこおじのおとがかまびすしくてしごとにしゅうちゅうできやしない	となりのこおじのおとがやかましくてしごとにしゅうちゅうできやしない
隣人同士の騒音トラブルを、市の担当者が間に入って調停した。	りんじんどおしのそおんとらぶるおしのたんとおしゃがあいだにわいってちょおてえした	りんじんどおしのそおんとらぶるおしのたんとおしゃがまにわいってちょおてえした
冷めたスープを、電子レンジでもう一度温めました。	さめたすうぷおでんしれんじでもおいちどあたためました	さめたすぷおでんしれんじでもおいちどあたためました
連戦に次ぐ連戦で、チームは満身創痍のまま決勝に臨んだ。	れんせんにつぐれんせんでちいむわまんしんそおいのままけっしょおにのぞんだ	れんせんにつぐれんせんでちむわまんしんそおいのままけっしょおにのぞんだ
連続ドラマを一晩で見てしまいました。	れんぞくどらまおひとばんでみてしまいました	れんぞくどらまおいちばんでみてしまいました
連帯保証人になったばかりに、彼は他人の借金を背負って破産する羽目になった。	れんたいほしょおにんになったばかりにかれわたにんのしゃっきんおせおってわさんするわめになった	れんたいほしょおじんになったばかりにかれわたにんのしゃっきんおせおってわさんするわめになった
連絡が途絶えたまま一週間が過ぎ、家族の不安は日に日に募っていった。	れんらくがとだえたままいっしゅうかんがすぎかぞくのふあんわひにひにつのってえった	れんらくがとだえたままいちしゅうかんがすぎかぞくのふあんわひにひにつのってえった
連絡はメール、或いは電話でお願いします。	れんらくわめえるあるいわでんわでおねがいします	れんらくわめるあるいわでんわでおねがいします
六月は、雨がよく降ります。	ろくがつわあめがよくふります	ろくがつわあめがよくおります
和食は二〇一三年にユネスコの無形文化遺産に登録されました。季節感を大切にし、栄養バランスが優れていることが評価されました。	わしょくわにせんじゅうさんねんにゆねすこのむけえぶんかいさんにとおろくされましたきせつかんおたいせつにしえよおばらんすがすぐれてえることがひょおかされました	わしょくわにれえいちさんねんにゆねすこのむけえぶんかいさんにとおろくされましたきせつかんおたいせつにしえよおばらんすがすぐれてえることがひょおかされました
話す→話して、急ぐ→急いで	わなすわなしてえそぐいそいで	わなす→わなしてえそぐ→いそいで
焙煎したての豆を挽くと、香ばしいコーヒーの匂いが部屋中に広がった。	ばいせんしたてのまめおひくとこおばしいこおひいのにおいがえやじゅうにひろがった	あぶいしたてのまめおひくとこおばしいこひのにおいがえやちゅうにひろがった
疚しいことは何一つしていないのだから、堂々と説明すればいい。	やましいことわなんひとつしてえないのだからどおどおとせつめえすればい	やましいことわなにひとつしてえないのだからどおどおとせつめえすればい
訃報を聞きつけた大勢の関係者が、次々と自宅を弔問に訪れた。	ふほおききつけたおぜえのかんけえしゃがつぎつぎとじたくおちょおもんにおとずれた	ふほおききつけたたいせえのかんけえしゃがつぎつぎとじたくおちょおもんにおとずれた
